-- MySQL dump 10.14  Distrib 5.5.65-MariaDB, for Linux (x86_64)
--
-- Host: localhost    Database: labmoirasdb
-- ------------------------------------------------------
-- Server version	5.5.65-MariaDB

/*!40101 SET @OLD_CHARACTER_SET_CLIENT=@@CHARACTER_SET_CLIENT */;
/*!40101 SET @OLD_CHARACTER_SET_RESULTS=@@CHARACTER_SET_RESULTS */;
/*!40101 SET @OLD_COLLATION_CONNECTION=@@COLLATION_CONNECTION */;
/*!40101 SET NAMES utf8 */;
/*!40103 SET @OLD_TIME_ZONE=@@TIME_ZONE */;
/*!40103 SET TIME_ZONE='+00:00' */;
/*!40014 SET @OLD_UNIQUE_CHECKS=@@UNIQUE_CHECKS, UNIQUE_CHECKS=0 */;
/*!40014 SET @OLD_FOREIGN_KEY_CHECKS=@@FOREIGN_KEY_CHECKS, FOREIGN_KEY_CHECKS=0 */;
/*!40101 SET @OLD_SQL_MODE=@@SQL_MODE, SQL_MODE='NO_AUTO_VALUE_ON_ZERO' */;
/*!40111 SET @OLD_SQL_NOTES=@@SQL_NOTES, SQL_NOTES=0 */;

--
-- Table structure for table `casospositivos`
--

DROP TABLE IF EXISTS `casospositivos`;
/*!40101 SET @saved_cs_client     = @@character_set_client */;
/*!40101 SET character_set_client = utf8 */;
CREATE TABLE `casospositivos` (
  `dia` varchar(255) DEFAULT NULL,
  `registros` int(11) DEFAULT NULL,
  `casos` int(11) DEFAULT NULL
) ENGINE=MyISAM DEFAULT CHARSET=latin1;
/*!40101 SET character_set_client = @saved_cs_client */;

--
-- Dumping data for table `casospositivos`
--

LOCK TABLES `casospositivos` WRITE;
/*!40000 ALTER TABLE `casospositivos` DISABLE KEYS */;
INSERT INTO `casospositivos` VALUES ('2020-04-20',1,1),('2020-04-25',1,2),('2020-04-27',1,3),('2020-04-29',3,6),('2020-04-30',9,15),('2020-05-02',1,16),('2020-05-04',2,18),('2020-05-06',1,19),('2020-05-09',1,20),('2020-05-13',1,21),('2020-05-20',2,23),('2020-05-21',5,28),('2020-05-22',4,32),('2020-05-23',2,34),('2020-05-24',3,37),('2020-05-25',14,51),('2020-05-26',4,55),('2020-05-27',4,59),('2020-05-28',1,60),('2020-05-29',6,66),('2020-05-30',1,67),('2020-06-03',2,69),('2020-06-04',2,71),('2020-06-05',3,74),('2020-06-06',1,75),('2020-06-08',1,76),('2020-06-09',1,77),('2020-06-10',1,78),('2020-06-11',1,79),('2020-06-12',1,80),('2020-06-13',3,83),('2020-06-14',2,85),('2020-06-15',1,86),('2020-06-16',20,106),('2020-06-17',13,119),('2020-06-18',11,130),('2020-06-19',2,132),('2020-06-20',9,141),('2020-06-21',7,148),('2020-06-22',12,160),('2020-06-23',25,185),('2020-06-24',3,188),('2020-06-25',1,189),('2020-06-26',23,212),('2020-06-27',17,229),('2020-06-28',10,239),('2020-06-29',5,244),('2020-06-30',5,249),('2020-07-01',7,256),('2020-07-02',28,284),('2020-07-03',11,295),('2020-07-04',15,310),('2020-07-05',44,354),('2020-07-06',9,363),('2020-07-07',3,366),('2020-07-08',1,367),('2020-07-09',48,415),('2020-07-10',6,421),('2020-07-11',3,424),('2020-07-12',5,429),('2020-07-13',1,430),('2020-07-14',2,432),('2020-07-15',1,433),('2020-07-16',2,435),('2020-07-17',5,440),('2020-07-18',23,463),('2020-07-19',21,484),('2020-07-20',9,493),('2020-07-21',8,501),('2020-07-22',80,581),('2020-07-23',25,606),('2020-07-24',19,625),('2020-07-25',17,642),('2020-07-26',5,647),('2020-07-27',15,662),('2020-07-28',6,668),('2020-07-29',25,693),('2020-07-30',8,701),('2020-07-31',16,717),('2020-08-01',55,772),('2020-08-02',28,800),('2020-08-03',41,841),('2020-08-04',13,854),('2020-08-05',36,890),('2020-08-06',7,897),('2020-08-07',16,913),('2020-08-08',1,914),('2020-08-09',4,918),('2020-08-10',9,927),('2020-08-11',4,931),('2020-08-12',12,943),('2020-08-13',14,957),('2020-08-14',26,983),('2020-08-15',10,993),('2020-08-16',2,995),('2020-08-17',5,1000),('2020-08-18',11,1011),('2020-08-19',23,1034),('2020-08-20',13,1047),('2020-08-21',10,1057),('2020-08-22',13,1070),('2020-08-23',6,1076),('2020-08-24',12,1088),('2020-08-25',6,1094),('2020-08-26',4,1098),('2020-08-27',3,1101),('2020-08-28',24,1125),('2020-08-29',15,1140),('2020-08-30',4,1144),('2020-08-31',36,1180),('2020-09-01',6,1186),('2020-09-02',3,1189),('2020-09-03',21,1210),('2020-09-04',5,1215),('2020-09-05',25,1240),('2020-09-06',1,1241),('2020-09-07',1,1242),('2020-09-08',1,1243),('2020-09-12',7,1250),('2020-09-13',3,1253),('2020-09-14',1,1254),('2020-09-15',1,1255),('2020-09-16',3,1258),('2020-09-17',2,1260),('2020-09-18',7,1267),('2020-09-19',12,1279),('2020-09-20',2,1281),('2020-09-21',1,1282),('2020-09-22',3,1285),('2020-09-24',3,1288),('2020-09-25',1,1289),('2020-09-26',1,1290),('2020-09-27',6,1296),('2020-09-28',1,1297),('2020-09-30',6,1303),('2020-10-01',8,1311),('2020-10-02',9,1320),('2020-10-03',5,1325),('2020-10-04',1,1326),('2020-10-05',10,1336),('2020-10-06',3,1339),('2020-10-07',9,1348),('2020-10-08',17,1365),('2020-10-09',8,1373),('2020-10-10',6,1379),('2020-10-11',13,1392),('2020-10-12',9,1401),('2020-10-13',3,1404),('2020-10-14',1,1405),('2020-10-15',4,1409),('2020-10-16',11,1420),('2020-10-17',3,1423),('2020-10-18',5,1428),('2020-10-19',12,1440),('2020-10-20',10,1450),('2020-10-21',5,1455),('2020-10-22',7,1462),('2020-10-23',9,1471),('2020-10-24',3,1474),('2020-10-25',4,1478),('2020-10-26',3,1481),('2020-10-27',4,1485),('2020-10-28',12,1497),('2020-10-29',14,1511),('2020-10-30',7,1518),('2020-10-31',9,1527),('2020-11-01',9,1536),('2020-11-02',5,1541),('2020-11-03',2,1543),('2020-11-04',1,1544),('2020-11-05',1,1545),('2020-11-06',11,1556),('2020-11-07',13,1569),('2020-11-08',6,1575),('2020-11-09',49,1624),('2020-11-10',44,1668),('2020-11-11',5,1673),('2020-11-12',15,1688),('2020-11-13',10,1698),('2020-11-14',16,1714),('2020-11-15',3,1717),('2020-11-16',17,1734),('2020-11-17',9,1743),('2020-11-18',4,1747),('2020-11-19',5,1752),('2020-11-20',8,1760),('2020-11-21',13,1773),('2020-11-22',8,1781),('2020-11-23',18,1799),('2020-11-24',22,1821),('2020-11-25',13,1834),('2020-11-26',9,1843),('2020-11-27',2,1845),('2020-11-28',16,1861),('2020-11-29',6,1867),('2020-11-30',1,1868),('2020-12-01',13,1881),('2020-12-02',27,1908),('2020-12-03',12,1920),('2020-12-04',11,1931),('2020-12-05',21,1952),('2020-12-06',14,1966),('2020-12-07',16,1982),('2020-12-08',9,1991),('2020-12-09',24,2015),('2020-12-10',61,2076),('2020-12-11',26,2102),('2020-12-12',5,2107),('2020-12-13',8,2115),('2020-12-14',32,2147),('2020-12-15',10,2157),('2020-12-16',11,2168),('2020-12-17',23,2191),('2020-12-18',19,2210),('2020-12-19',18,2228),('2020-12-20',8,2236),('2020-12-21',12,2248),('2020-12-22',24,2272),('2020-12-23',10,2282),('2020-12-24',25,2307),('2020-12-25',12,2319),('2020-12-26',16,2335),('2020-12-27',19,2354),('2020-12-28',33,2387),('2020-12-29',18,2405),('2020-12-30',18,2423),('2020-12-31',9,2432),('2021-01-01',3,2435),('2021-01-02',18,2453),('2021-01-03',3,2456),('2021-01-04',17,2473),('2021-01-05',11,2484),('2021-01-06',11,2495),('2021-01-07',16,2511),('2021-01-08',34,2545),('2021-01-09',38,2583),('2021-01-10',19,2602),('2021-01-11',11,2613),('2021-01-12',16,2629),('2021-01-14',2,2631),('2021-01-15',15,2646),('2021-01-16',9,2655),('2021-01-17',13,2668),('2021-01-18',13,2681),('2021-01-19',13,2694),('2021-01-20',2,2696),('2021-01-21',7,2703),('2021-01-22',10,2713),('2021-01-23',13,2726),('2021-01-24',6,2732),('2021-01-25',7,2739),('2021-01-26',5,2744),('2021-01-27',9,2753),('2021-01-28',7,2760),('2021-01-30',2,2762),('2021-01-31',1,2763),('2021-02-01',31,2794),('2021-02-02',9,2803),('2021-02-03',1,2804),('2021-02-04',17,2821),('2021-02-06',1,2822),('2021-02-07',6,2828),('2021-02-09',1,2829),('2021-02-10',1,2830),('2021-02-11',2,2832),('2021-02-12',1,2833),('2021-02-13',1,2834),('2021-02-14',5,2839),('2021-02-18',5,2844),('2021-02-20',3,2847),('2021-02-21',1,2848),('2021-02-22',20,2868),('2021-02-23',46,2914),('2021-02-24',1,2915),('2021-02-25',3,2918),('2021-02-26',5,2923),('2021-02-27',5,2928),('2021-02-28',12,2940),('2021-03-01',26,2966),('2021-03-02',31,2997),('2021-03-03',9,3006),('2021-03-04',22,3028),('2021-03-05',10,3038),('2021-03-06',11,3049),('2021-03-07',32,3081),('2021-03-08',27,3108),('2021-03-09',24,3132),('2021-03-10',6,3138),('2021-03-11',11,3149),('2021-03-12',13,3162),('2021-03-13',36,3198),('2021-03-14',30,3228),('2021-03-15',18,3246),('2021-03-16',24,3270),('2021-03-17',18,3288),('2021-03-18',42,3330),('2021-03-19',25,3355),('2021-03-20',22,3377),('2021-03-21',71,3448),('2021-03-22',24,3472),('2021-03-23',48,3520),('2021-03-24',5,3525),('2021-03-25',38,3563),('2021-03-26',59,3622),('2021-03-27',48,3670),('2021-03-28',79,3749),('2021-03-29',75,3824),('2021-03-30',49,3873),('2021-03-31',13,3886),('2021-04-01',88,3974),('2021-04-02',49,4023),('2021-04-03',167,4190),('2021-04-04',190,4380),('2021-04-05',189,4569),('2021-04-06',240,4809),('2021-04-07',116,4925),('2021-04-08',180,5105),('2021-04-09',54,5159),('2021-04-10',33,5192),('2021-04-11',51,5243),('2021-04-12',90,5333),('2021-04-13',111,5444),('2021-04-14',166,5610),('2021-04-15',142,5752),('2021-04-16',46,5798),('2021-04-17',22,5820),('2021-04-18',38,5858),('2021-04-19',108,5966),('2021-04-20',110,6076),('2021-04-21',108,6184),('2021-04-22',86,6270),('2021-04-23',40,6310),('2021-04-24',10,6320),('2021-04-25',14,6334),('2021-04-26',30,6364),('2021-04-27',59,6423),('2021-04-28',94,6517),('2021-04-29',102,6619),('2021-04-30',77,6696),('2021-05-01',51,6747),('2021-05-02',31,6778),('2021-05-03',12,6790),('2021-05-04',18,6808),('2021-05-05',14,6822),('2021-05-06',12,6834),('2021-05-07',139,6973),('2021-05-08',62,7035),('2021-05-09',45,7080),('2021-05-10',90,7170),('2021-05-11',46,7216),('2021-05-12',26,7242),('2021-05-13',48,7290),('2021-05-14',30,7320),('2021-05-15',37,7357),('2021-05-16',55,7412),('2021-05-17',25,7437),('2021-05-18',53,7490),('2021-05-19',38,7528),('2021-05-20',23,7551),('2021-05-21',48,7599),('2021-05-22',32,7631),('2021-05-23',21,7652),('2021-05-24',36,7688),('2021-05-25',74,7762),('2021-05-26',24,7786),('2021-05-27',69,7855),('2021-05-28',111,7966),('2021-05-29',103,8069),('2021-05-30',136,8205),('2021-05-31',185,8390),('2021-06-01',131,8521),('2021-06-02',96,8617),('2021-06-03',117,8734),('2021-06-04',176,8910),('2021-06-05',125,9035),('2021-06-06',100,9135),('2021-06-07',120,9255),('2021-06-08',171,9426),('2021-06-09',127,9553),('2021-06-10',257,9810),('2021-06-11',188,9998),('2021-06-12',168,10166),('2021-06-13',188,10354),('2021-06-14',192,10546),('2021-06-15',200,10746),('2021-06-16',112,10858),('2021-06-17',240,11098),('2021-06-18',235,11333),('2021-06-19',205,11538),('2021-06-20',225,11763),('2021-06-21',310,12073),('2021-06-22',223,12296),('2021-06-23',232,12528),('2021-06-24',225,12753),('2021-06-25',187,12940),('2021-06-26',192,13132),('2021-06-27',155,13287),('2021-06-28',278,13565),('2021-06-29',325,13890),('2021-06-30',152,14042),('2021-07-01',166,14208),('2021-07-02',255,14463),('2021-07-03',108,14571),('2021-07-04',123,14694),('2021-07-05',93,14787),('2021-07-06',178,14965),('2021-07-07',156,15121),('2021-07-08',193,15314),('2021-07-09',123,15437),('2021-07-10',161,15598),('2021-07-11',103,15701),('2021-07-12',180,15881),('2021-07-13',178,16059),('2021-07-14',179,16238),('2021-07-15',178,16416),('2021-07-16',129,16545),('2021-07-17',68,16613),('2021-07-18',62,16675),('2021-07-19',69,16744),('2021-07-20',41,16785),('2021-07-21',83,16868),('2021-07-22',104,16972),('2021-07-23',83,17055),('2021-07-24',106,17161),('2021-07-25',50,17211),('2021-07-26',82,17293),('2021-07-27',51,17344),('2021-07-28',97,17441),('2021-07-29',102,17543),('2021-07-30',42,17585),('2021-07-31',63,17648),('2021-08-01',58,17706),('2021-08-02',115,17821),('2021-08-03',62,17883),('2021-08-04',47,17930),('2021-08-05',60,17990),('2021-08-06',71,18061),('2021-08-07',38,18099),('2021-08-08',50,18149),('2021-08-09',96,18245),('2021-08-10',59,18304),('2021-08-11',39,18343),('2021-08-12',53,18396),('2021-08-13',46,18442),('2021-08-14',31,18473),('2021-08-15',51,18524),('2021-08-16',33,18557),('2021-08-17',55,18612),('2021-08-18',20,18632),('2021-08-19',27,18659),('2021-08-20',48,18707),('2021-08-21',30,18737),('2021-08-22',2,18739),('2021-08-23',25,18764),('2021-08-24',21,18785),('2021-08-25',19,18804),('2021-08-26',28,18832),('2021-08-27',29,18861),('2021-08-28',7,18868);
/*!40000 ALTER TABLE `casospositivos` ENABLE KEYS */;
UNLOCK TABLES;

--
-- Table structure for table `edadesgenero`
--

DROP TABLE IF EXISTS `edadesgenero`;
/*!40101 SET @saved_cs_client     = @@character_set_client */;
/*!40101 SET character_set_client = utf8 */;
CREATE TABLE `edadesgenero` (
  `rango` varchar(255) DEFAULT NULL,
  `cant` int(11) DEFAULT NULL,
  `porcen` float DEFAULT NULL,
  `edadesF` int(11) DEFAULT NULL,
  `edadesM` int(11) DEFAULT NULL
) ENGINE=MyISAM DEFAULT CHARSET=latin1;
/*!40101 SET character_set_client = @saved_cs_client */;

--
-- Dumping data for table `edadesgenero`
--

LOCK TABLES `edadesgenero` WRITE;
/*!40000 ALTER TABLE `edadesgenero` DISABLE KEYS */;
INSERT INTO `edadesgenero` VALUES ('0-9',3723,4.41208,1847,1876),('10-19',7302,8.6535,3860,3442),('20-29',16287,19.3015,9073,7214),('30-39',18157,21.5176,9737,8420),('40-49',14299,16.9456,7784,6515),('50-59',11348,13.4484,6253,5095),('60-69',7505,8.89408,4198,3307),('70-79',3839,4.54955,2034,1805),('80-89',1559,1.84755,853,706),('90-99',349,0.413595,212,137),('100+',14,0.0165912,11,3);
/*!40000 ALTER TABLE `edadesgenero` ENABLE KEYS */;
UNLOCK TABLES;

--
-- Table structure for table `enviardatos`
--

DROP TABLE IF EXISTS `enviardatos`;
/*!40101 SET @saved_cs_client     = @@character_set_client */;
/*!40101 SET character_set_client = utf8 */;
CREATE TABLE `enviardatos` (
  `nombre` varchar(255) DEFAULT NULL,
  `correo` varchar(255) DEFAULT NULL
) ENGINE=MyISAM DEFAULT CHARSET=latin1;
/*!40101 SET character_set_client = @saved_cs_client */;

--
-- Dumping data for table `enviardatos`
--

LOCK TABLES `enviardatos` WRITE;
/*!40000 ALTER TABLE `enviardatos` DISABLE KEYS */;
/*!40000 ALTER TABLE `enviardatos` ENABLE KEYS */;
UNLOCK TABLES;

--
-- Table structure for table `fallecidos`
--

DROP TABLE IF EXISTS `fallecidos`;
/*!40101 SET @saved_cs_client     = @@character_set_client */;
/*!40101 SET character_set_client = utf8 */;
CREATE TABLE `fallecidos` (
  `dia` varchar(255) DEFAULT NULL,
  `registros` int(11) DEFAULT NULL,
  `casos` int(11) DEFAULT NULL
) ENGINE=MyISAM DEFAULT CHARSET=latin1;
/*!40101 SET character_set_client = @saved_cs_client */;

--
-- Dumping data for table `fallecidos`
--

LOCK TABLES `fallecidos` WRITE;
/*!40000 ALTER TABLE `fallecidos` DISABLE KEYS */;
INSERT INTO `fallecidos` VALUES ('2020-04-30',1,1),('2020-05-23',1,2),('2020-06-14',1,3),('2020-06-16',1,4),('2020-06-21',1,5),('2020-06-22',1,6),('2020-06-25',1,7),('2020-06-30',1,8),('2020-07-04',1,9),('2020-07-06',1,10),('2020-07-16',1,11),('2020-07-20',2,13),('2020-07-21',1,14),('2020-07-22',1,15),('2020-07-23',1,16),('2020-07-25',4,20),('2020-07-27',1,21),('2020-07-31',1,22),('2020-08-03',1,23),('2020-08-07',2,25),('2020-08-08',2,27),('2020-08-10',1,28),('2020-08-13',1,29),('2020-08-14',1,30),('2020-08-15',1,31),('2020-08-16',1,32),('2020-08-21',1,33),('2020-08-23',1,34),('2020-08-27',2,36),('2020-08-28',2,38),('2020-08-29',1,39),('2020-09-03',2,41),('2020-09-05',1,42),('2020-09-06',1,43),('2020-09-08',1,44),('2020-09-15',1,45),('2020-09-17',1,46),('2020-09-18',1,47),('2020-09-20',1,48),('2020-09-26',1,49),('2020-09-27',1,50),('2020-10-02',1,51),('2020-10-28',1,52),('2020-11-08',1,53),('2020-11-17',1,54),('2020-11-19',2,56),('2020-12-01',1,57),('2020-12-03',1,58),('2020-12-08',1,59),('2020-12-12',1,60),('2020-12-13',1,61),('2020-12-21',1,62),('2020-12-23',1,63),('2020-12-25',1,64),('2020-12-27',1,65),('2020-12-30',1,66),('2020-12-31',1,67),('2021-01-02',1,68),('2021-01-03',1,69),('2021-01-15',1,70),('2021-01-24',2,72),('2021-02-01',2,74),('2021-02-02',1,75),('2021-02-05',1,76),('2021-02-06',1,77),('2021-02-07',1,78),('2021-02-24',1,79),('2021-02-25',1,80),('2021-03-08',1,81),('2021-03-14',1,82),('2021-03-17',1,83),('2021-03-21',1,84),('2021-03-22',2,86),('2021-03-23',1,87),('2021-03-24',2,89),('2021-03-26',2,91),('2021-03-30',2,93),('2021-04-04',2,95),('2021-04-05',4,99),('2021-04-06',1,100),('2021-04-07',1,101),('2021-04-08',2,103),('2021-04-09',2,105),('2021-04-10',4,109),('2021-04-12',2,111),('2021-04-13',1,112),('2021-04-14',3,115),('2021-04-15',1,116),('2021-04-16',1,117),('2021-04-17',4,121),('2021-04-18',3,124),('2021-04-19',4,128),('2021-04-20',3,131),('2021-04-21',2,133),('2021-04-22',4,137),('2021-04-23',3,140),('2021-04-24',3,143),('2021-04-25',2,145),('2021-04-26',3,148),('2021-04-27',6,154),('2021-04-28',2,156),('2021-04-29',2,158),('2021-04-30',3,161),('2021-05-01',5,166),('2021-05-02',7,173),('2021-05-03',5,178),('2021-05-04',4,182),('2021-05-05',4,186),('2021-05-06',4,190),('2021-05-07',2,192),('2021-05-08',1,193),('2021-05-09',1,194),('2021-05-10',1,195),('2021-05-11',1,196),('2021-05-12',2,198),('2021-05-13',1,199),('2021-05-14',3,202),('2021-05-15',2,204),('2021-05-16',3,207),('2021-05-19',1,208),('2021-05-20',1,209),('2021-05-23',2,211),('2021-05-25',1,212),('2021-05-26',2,214),('2021-05-27',1,215),('2021-05-28',1,216),('2021-05-29',2,218),('2021-05-30',1,219),('2021-05-31',1,220),('2021-06-01',2,222),('2021-06-02',1,223),('2021-06-03',3,226),('2021-06-04',4,230),('2021-06-06',2,232),('2021-06-07',2,234),('2021-06-08',1,235),('2021-06-09',1,236),('2021-06-10',1,237),('2021-06-11',1,238),('2021-06-13',3,241),('2021-06-14',2,243),('2021-06-15',1,244),('2021-06-16',4,248),('2021-06-17',2,250),('2021-06-18',2,252),('2021-06-19',1,253),('2021-06-20',4,257),('2021-06-21',4,261),('2021-06-22',2,263),('2021-06-23',3,266),('2021-06-24',3,269),('2021-06-25',2,271),('2021-06-26',2,273),('2021-06-27',1,274),('2021-06-28',1,275),('2021-06-29',3,278),('2021-06-30',3,281),('2021-07-01',4,285),('2021-07-02',3,288),('2021-07-03',7,295),('2021-07-04',3,298),('2021-07-05',1,299),('2021-07-06',4,303),('2021-07-07',1,304),('2021-07-08',5,309),('2021-07-09',2,311),('2021-07-10',4,315),('2021-07-11',9,324),('2021-07-12',4,328),('2021-07-13',2,330),('2021-07-14',6,336),('2021-07-15',1,337),('2021-07-16',6,343),('2021-07-17',4,347),('2021-07-18',9,356),('2021-07-19',2,358),('2021-07-20',2,360),('2021-07-21',4,364),('2021-07-22',6,370),('2021-07-23',4,374),('2021-07-24',2,376),('2021-07-25',3,379),('2021-07-26',5,384),('2021-07-27',2,386),('2021-07-28',3,389),('2021-07-29',2,391),('2021-07-30',4,395),('2021-07-31',5,400),('2021-08-01',2,402),('2021-08-03',3,405),('2021-08-04',5,410),('2021-08-05',2,412),('2021-08-06',1,413),('2021-08-07',1,414),('2021-08-08',2,416),('2021-08-09',2,418),('2021-08-10',3,421),('2021-08-11',1,422),('2021-08-12',1,423),('2021-08-13',1,424),('2021-08-14',4,428),('2021-08-15',1,429),('2021-08-17',3,432),('2021-08-18',3,435),('2021-08-19',2,437),('2021-08-20',5,442),('2021-08-21',1,443),('2021-08-22',1,444),('2021-08-23',3,447),('2021-08-24',1,448),('2021-08-27',1,449),('2021-08-28',1,450),('2021-08-31',1,451),('2021-09-02',2,453),('2021-09-03',1,454),('2021-09-06',1,455),('2021-09-07',2,457),('2021-09-10',1,458),('2021-09-13',2,460),('2021-09-20',1,461),('2021-09-27',2,463),('2021-09-28',1,464),('2021-10-01',1,465),('2021-10-02',1,466),('2021-10-07',1,467),('2021-10-08',1,468),('2021-10-15',1,469),('2021-10-26',1,470),('2021-11-05',1,471),('2021-11-13',1,472),('2021-11-16',1,473),('2021-11-23',1,474),('2021-12-04',2,476),('2021-12-24',1,477),('2021-12-26',1,478),('2021-12-28',1,479),('2021-12-29',1,480),('2022-01-07',1,481),('2022-01-12',1,482),('2022-01-17',1,483),('2022-01-27',1,484),('2022-01-28',1,485),('2022-02-03',1,486);
/*!40000 ALTER TABLE `fallecidos` ENABLE KEYS */;
UNLOCK TABLES;

--
-- Table structure for table `fechacorte`
--

DROP TABLE IF EXISTS `fechacorte`;
/*!40101 SET @saved_cs_client     = @@character_set_client */;
/*!40101 SET character_set_client = utf8 */;
CREATE TABLE `fechacorte` (
  `hora` varchar(255) DEFAULT NULL
) ENGINE=MyISAM DEFAULT CHARSET=latin1;
/*!40101 SET character_set_client = @saved_cs_client */;

--
-- Dumping data for table `fechacorte`
--

LOCK TABLES `fechacorte` WRITE;
/*!40000 ALTER TABLE `fechacorte` DISABLE KEYS */;
INSERT INTO `fechacorte` VALUES ('Sun Oct  2 03:02:00 -05 2022\n');
/*!40000 ALTER TABLE `fechacorte` ENABLE KEYS */;
UNLOCK TABLES;

--
-- Table structure for table `genero`
--

DROP TABLE IF EXISTS `genero`;
/*!40101 SET @saved_cs_client     = @@character_set_client */;
/*!40101 SET character_set_client = utf8 */;
CREATE TABLE `genero` (
  `nF` int(11) DEFAULT NULL,
  `nM` int(11) DEFAULT NULL,
  `porcenF` float DEFAULT NULL,
  `porcenM` float DEFAULT NULL
) ENGINE=MyISAM DEFAULT CHARSET=latin1;
/*!40101 SET character_set_client = @saved_cs_client */;

--
-- Dumping data for table `genero`
--

LOCK TABLES `genero` WRITE;
/*!40000 ALTER TABLE `genero` DISABLE KEYS */;
INSERT INTO `genero` VALUES (10190,8678,54.0068,45.9932);
/*!40000 ALTER TABLE `genero` ENABLE KEYS */;
UNLOCK TABLES;

--
-- Table structure for table `r_efectivo`
--

DROP TABLE IF EXISTS `r_efectivo`;
/*!40101 SET @saved_cs_client     = @@character_set_client */;
/*!40101 SET character_set_client = utf8 */;
CREATE TABLE `r_efectivo` (
  `dia` varchar(255) DEFAULT NULL,
  `rt` float DEFAULT NULL,
  `rt_low` float DEFAULT NULL,
  `rt_high` float DEFAULT NULL
) ENGINE=MyISAM DEFAULT CHARSET=latin1;
/*!40101 SET character_set_client = @saved_cs_client */;

--
-- Dumping data for table `r_efectivo`
--

LOCK TABLES `r_efectivo` WRITE;
/*!40000 ALTER TABLE `r_efectivo` DISABLE KEYS */;
INSERT INTO `r_efectivo` VALUES ('2020-03-18',0.584547,0,8.7055),('2020-03-20',0.740098,0,8.09841),('2020-03-21',0.880385,0.00407238,7.52947),('2020-03-22',1.006,0.0236954,6.99749),('2020-03-24',1.11752,0.0415721,6.50127),('2020-03-25',1.21554,0.0577639,6.03963),('2020-03-26',1.30065,0.0723324,5.61136),('2020-03-27',1.37343,0.0853389,5.21527),('2020-03-28',1.43446,0.0968451,4.85018),('2020-03-29',1.48435,0.106912,4.51487),('2020-03-30',1.52366,0.115602,4.20817),('2020-03-31',1.553,0.122976,3.92887),('2020-04-02',1.57294,0.129095,3.67579),('2020-04-03',1.58408,0.134021,3.44772),('2020-04-04',1.58699,0.137816,3.24348),('2020-04-05',1.58228,0.140541,3.06187),('2020-04-06',1.57052,0.142257,2.90169),('2020-04-07',1.5523,0.143026,2.76175),('2020-04-08',1.52821,0.142909,2.64086),('2020-04-09',1.49883,0.141969,2.53783),('2020-04-10',1.46476,0.140265,2.45145),('2020-04-11',1.42657,0.137861,2.38054),('2020-04-12',1.38486,0.134817,2.3239),('2020-04-13',1.34022,0.131194,2.28034),('2020-04-14',1.29322,0.127055,2.24866),('2020-04-15',1.24447,0.122461,2.22767),('2020-04-16',1.19905,0.11998,2.28018),('2020-04-17',1.15058,0.116576,2.2944),('2020-04-18',1.08188,0.111718,2.27339),('2020-04-19',1.0256,0.106582,2.25437),('2020-04-20',0.938037,0.0943935,2.2079),('2020-04-21',1.00449,0.0997015,2.26811),('2020-04-22',1.00963,0.0950513,2.25902),('2020-04-23',0.988259,0.0823076,2.22302),('2020-04-24',0.937937,0.0749555,2.17905),('2020-04-25',0.895547,0.0695375,2.1478),('2020-04-26',0.873647,0.0631364,2.13089),('2020-04-27',0.859424,0.0557523,2.11697),('2020-04-28',0.826432,0.0473852,2.09282),('2020-04-29',0.830513,0.0449858,2.09857),('2020-04-30',0.832542,0.0434497,2.09965),('2020-05-02',0.812556,0.0339552,2.07767),('2020-05-03',0.810636,0.0322021,2.07733),('2020-05-04',0.823996,0.0340567,2.08879),('2020-05-05',0.827935,0.0248948,2.08642),('2020-05-06',0.867004,0.0323126,2.11549),('2020-05-07',0.869663,0.0349752,2.11496),('2020-05-08',0.868466,0.0366117,2.11288),('2020-05-09',0.882735,0.0391669,2.11836),('2020-05-10',0.873532,0.0391114,2.10773),('2020-05-11',0.911229,0.0600843,2.1422),('2020-05-12',0.903531,0.0620854,2.13121),('2020-05-13',0.934932,0.0687384,2.15407),('2020-05-14',0.931397,0.0638071,2.13984),('2020-05-15',0.923256,0.0530653,2.11913),('2020-05-16',0.906765,0.0530338,2.09978),('2020-05-17',0.900128,0.055985,2.09175),('2020-05-18',0.91082,0.0645942,2.09902),('2020-05-19',0.90428,0.0699681,2.09016),('2020-05-20',0.901036,0.077387,2.08714),('2020-05-21',0.890307,0.0759292,2.07433),('2020-05-22',0.904906,0.0698451,2.08356),('2020-05-23',0.914688,0.0603808,2.08422),('2020-05-24',0.929636,0.0515162,2.0893),('2020-05-25',0.929184,0.0499015,2.08351),('2020-05-26',0.940123,0.05718,2.09038),('2020-05-27',0.995659,0.0897667,2.13542),('2020-05-28',1.01526,0.11275,2.14516),('2020-05-29',0.979311,0.0824121,2.09907),('2020-05-30',0.983817,0.0885572,2.09854),('2020-05-31',1.01494,0.124466,2.12261),('2020-06-01',1.04091,0.140445,2.13822),('2020-06-02',1.08502,0.178744,2.17108),('2020-06-03',1.13755,0.225984,2.21108),('2020-06-04',1.16597,0.247457,2.22245),('2020-06-05',1.16626,0.261655,2.20827),('2020-06-06',1.21794,0.298207,2.24351),('2020-06-07',1.21786,0.312512,2.22916),('2020-06-08',1.2576,0.363303,2.25777),('2020-06-09',1.29436,0.397363,2.27584),('2020-06-10',1.33626,0.446362,2.30366),('2020-06-11',1.40327,0.497867,2.35167),('2020-06-12',1.39252,0.51544,2.32139),('2020-06-13',1.413,0.551535,2.32533),('2020-06-14',1.42961,0.567138,2.32289),('2020-06-15',1.44781,0.58563,2.31969),('2020-06-16',1.47768,0.622035,2.32832),('2020-06-17',1.48542,0.645188,2.31516),('2020-06-18',1.51728,0.675703,2.32426),('2020-06-19',1.4926,0.675842,2.28123),('2020-06-20',1.5242,0.707367,2.29329),('2020-06-21',1.54571,0.730694,2.29207),('2020-06-22',1.52967,0.715156,2.25422),('2020-06-23',1.52299,0.729844,2.22953),('2020-06-24',1.53543,0.747492,2.22034),('2020-06-25',1.59221,0.787499,2.25841),('2020-06-26',1.56069,0.784394,2.20697),('2020-06-27',1.49935,0.75053,2.12886),('2020-06-28',1.47059,0.749491,2.08596),('2020-06-29',1.43243,0.734286,2.03551),('2020-06-30',1.39758,0.724943,1.99011),('2020-07-01',1.3995,0.73528,1.98047),('2020-07-02',1.36037,0.720812,1.93094),('2020-07-03',1.30758,0.708112,1.87159),('2020-07-04',1.2999,0.711185,1.86091),('2020-07-05',1.29737,0.719531,1.85479),('2020-07-06',1.28259,0.71488,1.83453),('2020-07-07',1.22613,0.667922,1.77372),('2020-07-08',1.22512,0.661173,1.76976),('2020-07-09',1.16227,0.609834,1.7016),('2020-07-10',1.13559,0.591322,1.67083),('2020-07-11',1.10129,0.562647,1.63616),('2020-07-12',1.09704,0.562165,1.63259),('2020-07-13',1.12217,0.576045,1.65586),('2020-07-14',1.13751,0.594897,1.67147),('2020-07-15',1.15758,0.607849,1.69437),('2020-07-16',1.09714,0.560299,1.62874),('2020-07-17',1.08036,0.551115,1.61118),('2020-07-18',1.07111,0.543144,1.6018),('2020-07-19',1.0894,0.570874,1.6184),('2020-07-20',1.12436,0.602745,1.64989),('2020-07-21',1.11756,0.604799,1.64168),('2020-07-22',1.12844,0.624941,1.65088),('2020-07-23',1.11523,0.620183,1.63517),('2020-07-24',1.08804,0.601163,1.60573),('2020-07-25',1.09059,0.608026,1.60945),('2020-07-26',1.11872,0.625819,1.6359),('2020-07-27',1.10467,0.620063,1.62019),('2020-07-28',1.10453,0.625223,1.61799),('2020-07-29',1.10558,0.615646,1.61606),('2020-07-30',1.08705,0.603942,1.59747),('2020-07-31',1.0661,0.586515,1.57686),('2020-08-01',1.01181,0.550296,1.52331),('2020-08-02',1.00284,0.545382,1.51848),('2020-08-03',0.980364,0.524447,1.49979),('2020-08-04',0.972954,0.517835,1.49507),('2020-08-05',0.997018,0.521357,1.51931),('2020-08-06',0.940842,0.467558,1.46357),('2020-08-07',0.942183,0.457873,1.46986),('2020-08-08',0.899849,0.428544,1.43262),('2020-08-09',0.90283,0.428606,1.44256),('2020-08-10',0.867814,0.393818,1.41232),('2020-08-11',0.832912,0.356307,1.38333),('2020-08-12',0.882374,0.381345,1.43608),('2020-08-13',0.860504,0.359689,1.41889),('2020-08-14',0.84492,0.340029,1.40952),('2020-08-15',0.822033,0.312407,1.39121),('2020-08-16',0.817617,0.301543,1.39337),('2020-08-17',0.831646,0.315804,1.41257),('2020-08-18',0.80312,0.28612,1.38963),('2020-08-19',0.834976,0.301209,1.42747),('2020-08-20',0.844794,0.307597,1.44326),('2020-08-21',0.80961,0.28605,1.41587),('2020-08-22',0.830417,0.288004,1.44328),('2020-08-23',0.823256,0.279391,1.44182),('2020-08-24',0.815722,0.269846,1.44014),('2020-08-25',0.804092,0.254662,1.43522),('2020-08-26',0.8188,0.242691,1.45628),('2020-08-27',0.846197,0.267089,1.48732),('2020-08-28',0.809933,0.246667,1.45311),('2020-08-29',0.851237,0.277307,1.50115),('2020-08-30',0.799394,0.224981,1.45391),('2020-08-31',0.813549,0.233564,1.47416),('2020-09-01',0.79832,0.211221,1.4648),('2020-09-02',0.811811,0.217904,1.48471),('2020-09-03',0.789387,0.198681,1.46628),('2020-09-04',0.793546,0.202963,1.47018),('2020-09-05',0.870245,0.268998,1.55453),('2020-09-06',0.880775,0.277962,1.56666),('2020-09-07',0.868294,0.277802,1.55606),('2020-09-08',0.890114,0.302049,1.58071),('2020-09-09',0.902444,0.309454,1.59526),('2020-09-10',0.889343,0.306925,1.58366),('2020-09-11',0.906226,0.312997,1.60241),('2020-09-12',0.910378,0.318279,1.60866),('2020-09-13',0.877374,0.290157,1.57688),('2020-09-14',0.87738,0.291352,1.57968),('2020-09-15',0.874456,0.291612,1.5791),('2020-09-16',0.891512,0.299459,1.59921),('2020-09-17',0.917766,0.31823,1.62839),('2020-09-18',0.889958,0.311699,1.604),('2020-09-19',0.914864,0.322045,1.63136),('2020-09-20',0.883327,0.307978,1.60061),('2020-09-21',0.868137,0.296104,1.58724),('2020-09-22',0.842157,0.270437,1.56483),('2020-09-23',0.841165,0.266978,1.56676),('2020-09-24',0.834944,0.255059,1.56452),('2020-09-25',0.789802,0.225049,1.52645),('2020-09-26',0.840011,0.266596,1.58265),('2020-09-27',0.83704,0.269471,1.58286),('2020-09-28',0.849407,0.275013,1.5973),('2020-09-29',0.87738,0.285346,1.62506),('2020-09-30',0.925279,0.312951,1.67468),('2020-10-01',0.931308,0.315334,1.67961),('2020-10-02',0.898084,0.2981,1.64885),('2020-10-03',0.949043,0.324553,1.69887),('2020-10-04',0.965068,0.33546,1.71294),('2020-10-05',0.958969,0.344794,1.70809),('2020-10-06',0.945809,0.335609,1.69403),('2020-10-07',0.903499,0.28704,1.65351),('2020-10-08',0.95874,0.33259,1.71108),('2020-10-09',0.93962,0.321417,1.69221),('2020-10-10',0.987994,0.346828,1.74075),('2020-10-11',1.02354,0.370911,1.77457),('2020-10-12',1.00061,0.366029,1.74793),('2020-10-13',0.992277,0.356276,1.73687),('2020-10-14',1.02497,0.379767,1.76927),('2020-10-15',0.970132,0.317708,1.70995),('2020-10-16',0.95656,0.320698,1.69501),('2020-10-17',1.00852,0.352034,1.74496),('2020-10-18',1.0435,0.37791,1.77859),('2020-10-19',1.05361,0.392589,1.78476),('2020-10-20',1.12879,0.460323,1.85595),('2020-10-21',1.14457,0.477799,1.8649),('2020-10-22',1.21784,0.539427,1.9305),('2020-10-23',1.19801,0.541029,1.90319),('2020-10-24',1.25695,0.585247,1.95386),('2020-10-25',1.22097,0.572416,1.91079),('2020-10-26',1.19385,0.560694,1.87636),('2020-10-27',1.17102,0.54855,1.84729),('2020-10-28',1.20874,0.576489,1.8802),('2020-10-29',1.18549,0.554833,1.85161),('2020-10-30',1.17889,0.571018,1.84102),('2020-10-31',1.2119,0.59874,1.87041),('2020-11-01',1.19174,0.599251,1.84393),('2020-11-02',1.18237,0.597723,1.82916),('2020-11-03',1.22273,0.638894,1.86618),('2020-11-04',1.25361,0.652895,1.89146),('2020-11-05',1.20126,0.621328,1.83262),('2020-11-06',1.16786,0.604328,1.79497),('2020-11-07',1.12435,0.575477,1.7484),('2020-11-08',1.12115,0.575251,1.74353),('2020-11-09',1.09474,0.570259,1.71571),('2020-11-10',1.0937,0.56979,1.71435),('2020-11-11',1.11325,0.587159,1.73531),('2020-11-12',1.11687,0.589887,1.73699),('2020-11-13',1.12599,0.595554,1.74537),('2020-11-14',1.13297,0.599596,1.74922),('2020-11-15',1.13716,0.599622,1.75002),('2020-11-16',1.13549,0.594267,1.74495),('2020-11-17',1.15713,0.6084,1.7637),('2020-11-18',1.17623,0.620084,1.77993),('2020-11-19',1.15368,0.604054,1.75282),('2020-11-20',1.13213,0.591183,1.72778),('2020-11-21',1.16558,0.608229,1.75919),('2020-11-22',1.16626,0.603963,1.75646),('2020-11-23',1.14776,0.596209,1.73869),('2020-11-24',1.13163,0.578157,1.7202),('2020-11-25',1.13369,0.561044,1.72127),('2020-11-26',1.12762,0.549456,1.71171),('2020-11-27',1.15789,0.577733,1.73819),('2020-11-28',1.15828,0.571173,1.73553),('2020-11-29',1.1525,0.561301,1.72463),('2020-11-30',1.13277,0.552112,1.70127),('2020-12-01',1.07268,0.498814,1.6363),('2020-12-02',1.08429,0.505783,1.64831),('2020-12-03',1.03958,0.45579,1.60279),('2020-12-04',1.03458,0.44997,1.59563),('2020-12-05',1.14098,0.542172,1.70024),('2020-12-06',1.19167,0.576283,1.74743),('2020-12-07',1.19017,0.58195,1.74478),('2020-12-08',1.09558,0.503235,1.64181),('2020-12-09',1.09594,0.512033,1.63949),('2020-12-10',1.04183,0.467832,1.58126),('2020-12-11',1.03511,0.462278,1.57417),('2020-12-12',1.03515,0.472201,1.57501),('2020-12-13',1.03425,0.473924,1.57368),('2020-12-14',0.974654,0.432486,1.51483),('2020-12-15',1.00547,0.464116,1.54739),('2020-12-16',1.06259,0.508839,1.60655),('2020-12-17',1.10066,0.551779,1.64367),('2020-12-18',1.05837,0.529197,1.59881),('2020-12-19',1.10413,0.581418,1.64361),('2020-12-20',1.1214,0.603975,1.6604),('2020-12-21',1.10889,0.604138,1.644),('2020-12-22',1.14149,0.625361,1.67372),('2020-12-23',1.15009,0.639424,1.68061),('2020-12-24',1.14664,0.642294,1.67627),('2020-12-25',1.09939,0.62285,1.62571),('2020-12-26',1.09252,0.62184,1.62101),('2020-12-27',1.12556,0.649348,1.65496),('2020-12-28',1.16062,0.688544,1.69118),('2020-12-29',1.12036,0.65562,1.64931),('2020-12-30',1.14428,0.668722,1.67224),('2020-12-31',1.1415,0.672245,1.66913),('2021-01-01',1.1436,0.669065,1.67001),('2021-01-02',1.16466,0.690601,1.69246),('2021-01-03',1.14951,0.679362,1.67558),('2021-01-04',1.15806,0.689211,1.68442),('2021-01-05',1.14335,0.684289,1.66821),('2021-01-06',1.16877,0.698483,1.6915),('2021-01-07',1.1102,0.651095,1.63147),('2021-01-08',1.1108,0.64657,1.63193),('2021-01-09',1.11945,0.650335,1.64303),('2021-01-10',1.081,0.620246,1.60372),('2021-01-11',1.02708,0.58041,1.55098),('2021-01-12',1.05084,0.595875,1.57782),('2021-01-13',0.984158,0.537088,1.51173),('2021-01-14',0.993162,0.534439,1.52445),('2021-01-15',0.948896,0.512132,1.48104),('2021-01-16',0.933564,0.497064,1.47266),('2021-01-17',0.886637,0.45195,1.4315),('2021-01-18',0.85601,0.426201,1.40566),('2021-01-19',0.887633,0.440564,1.44262),('2021-01-20',0.824993,0.386562,1.38401),('2021-01-21',0.814107,0.372981,1.38058),('2021-01-22',0.804118,0.358012,1.37678),('2021-01-23',0.882684,0.426736,1.46175),('2021-01-24',0.830462,0.369942,1.41314),('2021-01-25',0.761826,0.304076,1.35161),('2021-01-26',0.759684,0.310081,1.35641),('2021-01-27',0.70716,0.268434,1.30681),('2021-01-28',0.803594,0.357295,1.41137),('2021-01-29',0.797672,0.345873,1.40905),('2021-01-30',0.891415,0.418281,1.50889),('2021-01-31',0.903257,0.427602,1.52118),('2021-02-01',0.920983,0.445391,1.53827),('2021-02-02',0.928532,0.447085,1.54757),('2021-02-03',1.00551,0.517958,1.62527),('2021-02-04',1.04291,0.5487,1.66075),('2021-02-05',1.05578,0.572394,1.66944),('2021-02-06',1.08575,0.599547,1.69654),('2021-02-07',1.12562,0.63203,1.73371),('2021-02-08',1.16398,0.662308,1.76805),('2021-02-09',1.1834,0.675702,1.78126),('2021-02-10',1.21717,0.699552,1.80997),('2021-02-11',1.20177,0.692329,1.79087),('2021-02-12',1.21219,0.697332,1.79819),('2021-02-13',1.23304,0.709441,1.81358),('2021-02-14',1.25307,0.717962,1.82854),('2021-02-15',1.2933,0.747075,1.86311),('2021-02-16',1.30863,0.764152,1.87196),('2021-02-17',1.31425,0.764293,1.86913),('2021-02-18',1.3617,0.801682,1.91009),('2021-02-19',1.33261,0.781534,1.87507),('2021-02-20',1.38361,0.81679,1.9184),('2021-02-21',1.31979,0.761651,1.84757),('2021-02-22',1.34802,0.791611,1.86862),('2021-02-23',1.37854,0.81379,1.89009),('2021-02-24',1.3644,0.806969,1.86664),('2021-02-25',1.42927,0.857345,1.61448),('2021-02-26',1.36277,0.814911,1.60415),('2021-02-27',1.41364,0.86675,1.70906),('2021-02-28',1.36844,0.83812,1.71465),('2021-03-01',1.33309,0.820435,1.72845),('2021-03-02',1.37202,0.854981,1.81654),('2021-03-03',1.41165,0.887806,1.9026),('2021-03-04',1.31686,0.814184,1.84966),('2021-03-05',1.33091,0.83425,1.90513),('2021-03-06',1.32917,0.847429,1.94195),('2021-03-07',1.32399,0.852208,1.97258),('2021-03-08',1.29241,0.834416,1.97326),('2021-03-09',1.31634,0.864828,2.02863),('2021-03-10',1.30511,0.860292,2.04532),('2021-03-11',1.23374,0.811817,2.00233),('2021-03-12',1.23366,0.816525,2.02914),('2021-03-13',1.27322,0.849769,2.09131),('2021-03-14',1.1837,0.768032,2.02204),('2021-03-15',1.12286,0.716907,1.98026),('2021-03-16',1.17739,0.77465,2.05182),('2021-03-17',1.25925,0.851658,1.83533),('2021-03-18',1.21975,0.82275,1.86675),('2021-03-19',1.24852,0.85925,1.96391),('2021-03-20',1.24046,0.859354,2.01844),('2021-03-21',1.20661,0.830798,2.04247),('2021-03-22',1.14068,0.785955,2.02856),('2021-03-23',1.20483,0.844488,2.14198),('2021-03-24',1.2247,0.861089,2.20588),('2021-03-25',1.22346,0.870279,2.2416),('2021-03-26',1.24998,0.894427,1.99057),('2021-03-27',1.26102,0.914736,2.09451),('2021-03-28',1.21618,0.880152,2.13243),('2021-03-29',1.21478,0.884606,2.20841),('2021-03-30',1.23331,0.908267,2.29534),('2021-03-31',1.23317,0.914636,2.35593),('2021-04-01',1.18294,0.868629,2.35767),('2021-04-02',1.1741,0.862618,2.39498),('2021-04-03',1.20429,0.882495,2.46508),('2021-04-04',1.18472,0.867886,2.47398),('2021-04-05',1.14566,0.830251,2.45679),('2021-04-06',1.14351,0.828364,2.47017),('2021-04-07',1.17485,0.848692,2.5077),('2021-04-08',1.1087,0.783276,2.44142),('2021-04-09',1.10611,0.778612,2.43224),('2021-04-10',1.14483,0.801303,2.45633),('2021-04-11',1.16352,0.820476,2.44937),('2021-04-12',1.092,0.757252,2.34686),('2021-04-13',1.17342,0.835134,2.38882),('2021-04-14',1.16773,0.828738,2.33403),('2021-04-15',1.10617,0.776922,2.21593),('2021-04-16',1.08365,0.749727,2.13141),('2021-04-17',1.06604,0.739301,2.42099),('2021-04-18',1.07646,0.745634,2.42435),('2021-04-19',1.07868,0.742403,2.41355),('2021-04-20',1.11379,0.77242,2.43047),('2021-04-21',1.14571,0.790788,2.43666),('2021-04-22',1.09204,0.741941,2.35239),('2021-04-23',1.06288,0.720962,2.28819),('2021-04-24',1.13585,0.781154,2.32059),('2021-04-25',1.13951,0.784586,2.27658),('2021-04-26',1.09675,0.747318,2.1819),('2021-04-27',1.09168,0.73216,2.12088),('2021-04-28',1.09812,0.721801,2.06548),('2021-04-29',1.06162,0.685755,1.96147),('2021-04-30',1.03045,0.651926,1.85853),('2021-05-01',1.05783,0.663302,1.80762),('2021-05-02',1.05304,0.65389,1.72162),('2021-05-03',0.973304,0.586606,1.55442),('2021-05-04',1.02547,0.636239,1.51419),('2021-05-05',1.05436,0.663459,1.44479),('2021-05-06',0.996286,0.603859,1.2827),('2021-05-07',0.95329,0.569011,1.50826),('2021-05-08',0.985732,0.583631,1.49501),('2021-05-09',0.975669,0.571838,1.43876),('2021-05-10',0.904272,0.497475,1.31955),('2021-05-11',0.960243,0.5482,1.32557),('2021-05-12',1.02849,0.599626,1.33817),('2021-05-13',1.01511,0.592709,1.26924),('2021-05-14',0.960659,0.554085,1.15285),('2021-05-15',1.00246,0.594091,1.134),('2021-05-16',0.91687,0.523444,1.35976),('2021-05-17',0.897887,0.506868,1.34231),('2021-05-18',0.940424,0.547805,1.38847),('2021-05-19',0.922767,0.532373,1.37131),('2021-05-20',0.899683,0.509799,1.35031),('2021-05-21',0.870691,0.4771,1.32303),('2021-05-22',0.933494,0.521355,1.38853),('2021-05-23',0.894382,0.48111,1.35104),('2021-05-24',0.849326,0.447783,1.30767),('2021-05-25',0.863709,0.457677,1.32627),('2021-05-26',0.882955,0.473986,1.34953),('2021-05-27',0.857173,0.444377,1.32825),('2021-05-28',0.849474,0.442634,1.32576),('2021-05-29',0.908598,0.496744,1.38785),('2021-05-30',0.92621,0.510475,1.40784),('2021-05-31',0.918272,0.511725,1.40151),('2021-06-01',0.936229,0.52498,1.42204),('2021-06-02',1.00436,0.578405,1.49072),('2021-06-03',0.957491,0.530112,1.444),('2021-06-04',0.926579,0.493958,1.41496),('2021-06-05',0.999216,0.548287,1.49102),('2021-06-06',1.059,0.603776,1.55267),('2021-06-07',1.03557,0.582225,1.526),('2021-06-08',1.10759,0.637189,1.59771),('2021-06-09',1.12586,0.653422,1.61521),('2021-06-10',1.14663,0.663328,1.63151),('2021-06-11',1.10325,0.633487,1.58343),('2021-06-12',1.12808,0.659454,1.60444),('2021-06-13',1.09919,0.633753,1.57136),('2021-06-14',1.1024,0.639897,1.5725),('2021-06-15',1.10684,0.644979,1.57352),('2021-06-16',1.14491,0.672251,1.60791),('2021-06-17',1.10375,0.641992,1.56292),('2021-06-18',1.06426,0.620141,1.52208),('2021-06-19',1.07773,0.633407,1.53473),('2021-06-20',1.07566,0.63213,1.53232),('2021-06-21',1.0674,0.63247,1.52622),('2021-06-22',1.07117,0.626028,1.53028),('2021-06-23',1.10457,0.650404,1.56518),('2021-06-24',1.09787,0.644168,1.55829),('2021-06-25',1.09154,0.627812,1.54828),('2021-06-26',1.09872,0.64434,1.55112),('2021-06-27',1.06343,0.618405,1.51335),('2021-06-28',1.0183,0.595828,1.47019),('2021-06-29',0.9733,0.557345,1.42575),('2021-06-30',1.03354,0.609521,1.48674),('2021-07-01',1.00606,0.589696,1.4591),('2021-07-02',0.980598,0.571167,1.43576),('2021-07-03',0.921029,0.526131,1.37619),('2021-07-04',0.897961,0.506703,1.35773),('2021-07-05',0.886963,0.484982,1.34772),('2021-07-06',0.925356,0.525978,1.39017),('2021-07-07',0.922718,0.523665,1.3927),('2021-07-08',0.861024,0.466674,1.33535),('2021-07-09',0.856957,0.460969,1.33997),('2021-07-10',0.867192,0.457108,1.35587),('2021-07-11',0.870058,0.45826,1.36544),('2021-07-12',0.816707,0.421952,1.31821),('2021-07-13',0.854389,0.443617,1.36247),('2021-07-14',0.865374,0.45164,1.38002),('2021-07-15',0.816047,0.403567,1.33768),('2021-07-16',0.817874,0.402255,1.34845),('2021-07-17',0.86919,0.437694,1.40634),('2021-07-18',0.862015,0.427155,1.40542),('2021-07-19',0.871086,0.423703,1.4216),('2021-07-20',0.881005,0.414056,1.43778),('2021-07-21',0.859453,0.39008,1.42113),('2021-07-22',0.858152,0.3716,1.42642),('2021-07-23',0.81088,0.33234,1.38558),('2021-07-24',0.864624,0.363656,1.4463),('2021-07-25',0.893105,0.388951,1.48023),('2021-07-26',0.844788,0.352808,1.43529),('2021-07-27',0.819097,0.326021,1.41384),('2021-07-28',0.867513,0.346679,1.46812),('2021-07-29',0.837399,0.326768,1.441),('2021-07-30',0.803896,0.297698,1.41104),('2021-07-31',0.780138,0.276695,1.3949),('2021-08-01',0.781072,0.274889,1.40328),('2021-08-02',0.780118,0.2684,1.41085),('2021-08-03',0.811128,0.289345,1.45063),('2021-08-04',0.794454,0.271959,1.43982),('2021-08-05',0.810186,0.277485,1.46399),('2021-08-06',0.802807,0.260916,1.46237),('2021-08-07',0.836993,0.277676,1.50216),('2021-08-08',0.809043,0.245196,1.47837),('2021-08-09',0.825387,0.253808,1.50128),('2021-08-10',0.85444,0.270942,1.53702),('2021-08-11',0.868459,0.268219,1.55334),('2021-08-12',0.839392,0.25239,1.52435),('2021-08-13',0.818586,0.240481,1.50414),('2021-08-14',0.823473,0.231941,1.50855),('2021-08-15',0.771314,0.198177,1.4583),('2021-08-16',0.764411,0.186919,1.45642),('2021-08-17',0.783503,0.198667,1.48036),('2021-08-18',0.811989,0.202204,1.51122),('2021-08-19',0.825595,0.212854,1.52908),('2021-08-20',0.814887,0.207187,1.52206),('2021-08-21',0.832125,0.214305,1.54516),('2021-08-22',0.79082,0.182179,1.50759),('2021-08-23',0.813803,0.196297,1.53622),('2021-08-24',0.84461,0.218042,1.5711),('2021-08-25',0.833548,0.216721,1.56635),('2021-08-26',0.820738,0.196357,1.55721),('2021-08-27',0.834844,0.203024,1.57685),('2021-08-28',0.889226,0.247024,1.63433),('2021-08-29',0.865985,0.213021,1.60951),('2021-08-30',0.865843,0.214323,1.61174),('2021-08-31',0.876702,0.21591,1.62395),('2021-09-01',0.914322,0.239736,1.66373),('2021-09-02',0.914374,0.243722,1.66463),('2021-09-03',0.944754,0.26022,1.69569),('2021-09-04',1.02936,0.31761,1.77903),('2021-09-05',1.06379,0.340496,1.8091),('2021-09-06',1.08757,0.354994,1.82921),('2021-09-07',1.09966,0.366058,1.83486),('2021-09-08',1.10822,0.375453,1.83813),('2021-09-09',1.07713,0.362602,1.80002),('2021-09-10',1.08586,0.370993,1.80518),('2021-09-11',1.08969,0.375847,1.80384),('2021-09-12',1.09871,0.384642,1.80815),('2021-09-13',1.05676,0.364625,1.76239),('2021-09-14',1.06963,0.371448,1.77297),('2021-09-15',1.10408,0.393898,1.80469),('2021-09-16',1.06025,0.354197,1.75638),('2021-09-17',1.03103,0.350346,1.72606),('2021-09-18',1.04326,0.363649,1.73956),('2021-09-19',1.02644,0.34937,1.72077),('2021-09-20',1.02409,0.35713,1.71716),('2021-09-21',1.03292,0.367177,1.72482),('2021-09-22',1.05833,0.382633,1.74761),('2021-09-23',1.06872,0.3895,1.75306),('2021-09-24',1.04697,0.373704,1.7263),('2021-09-25',1.048,0.377714,1.72508),('2021-09-26',1.02588,0.372821,1.70141),('2021-09-27',0.973379,0.334602,1.64736),('2021-09-28',1.01076,0.371436,1.68472),('2021-09-29',1.01976,0.38128,1.69227),('2021-09-30',0.990541,0.353299,1.65862),('2021-10-01',0.97568,0.35305,1.64376),('2021-10-02',1.00395,0.371776,1.67247),('2021-10-03',0.993644,0.360952,1.65941),('2021-10-04',0.960983,0.34442,1.62687),('2021-10-05',0.996103,0.375592,1.66513),('2021-10-06',1.03407,0.39807,1.70255),('2021-10-07',1.03907,0.406733,1.7062),('2021-10-08',0.999249,0.38925,1.66641),('2021-10-09',1.01027,0.399161,1.67762),('2021-10-10',1.01572,0.404399,1.68462),('2021-10-11',0.985815,0.378961,1.65247),('2021-10-12',1.02663,0.409257,1.69447),('2021-10-13',1.0299,0.413579,1.69739),('2021-10-14',1.00993,0.393151,1.67667),('2021-10-15',1.00098,0.380762,1.66731),('2021-10-16',1.04939,0.415054,1.71655),('2021-10-17',1.00995,0.377038,1.67365),('2021-10-18',1.02155,0.383981,1.68518),('2021-10-19',1.07619,0.435538,1.73987),('2021-10-20',1.12465,0.463237,1.78391),('2021-10-21',1.15135,0.486681,1.80556),('2021-10-22',1.14719,0.482324,1.79626),('2021-10-23',1.18051,0.506521,1.82738),('2021-10-24',1.18039,0.511901,1.82276),('2021-10-25',1.16137,0.510839,1.7995),('2021-10-26',1.16892,0.510479,1.80196),('2021-10-27',1.15485,0.505634,1.78429),('2021-10-28',1.11803,0.478791,1.74316),('2021-10-29',1.10795,0.470539,1.73032),('2021-10-30',1.12133,0.480658,1.74296),('2021-10-31',1.1009,0.467869,1.71976),('2021-11-01',1.07184,0.451673,1.69016),('2021-11-02',1.06894,0.438125,1.68797),('2021-11-03',1.07367,0.440539,1.69299),('2021-11-04',1.02564,0.412599,1.6425),('2021-11-05',0.966215,0.379222,1.58358),('2021-11-06',1.01106,0.412161,1.62975),('2021-11-07',0.97809,0.393528,1.59629),('2021-11-08',0.95341,0.372968,1.57155),('2021-11-09',0.966119,0.387404,1.58631),('2021-11-10',0.951642,0.369811,1.57301),('2021-11-11',0.916954,0.349683,1.53905),('2021-11-12',0.865208,0.321048,1.49043),('2021-11-13',0.845682,0.298149,1.47564),('2021-11-14',0.805693,0.272058,1.44033),('2021-11-15',0.790127,0.252838,1.42919),('2021-11-16',0.775392,0.235222,1.42027),('2021-11-17',0.781598,0.249219,1.43333),('2021-11-18',0.75878,0.238171,1.41773),('2021-11-19',0.746536,0.224978,1.41333),('2021-11-20',0.767514,0.245382,1.44242),('2021-11-21',0.693854,0.177197,1.37532),('2021-11-22',0.634956,0.125707,1.32586),('2021-11-23',0.618097,0.105527,1.32186),('2021-11-24',0.601213,0.0828397,1.31776),('2021-11-25',0.616775,0.0929903,1.34244),('2021-11-26',0.64751,0.116918,1.38103),('2021-11-27',0.670406,0.136909,1.41172),('2021-11-28',0.647079,0.108828,1.39695),('2021-11-29',0.641632,0.0965385,1.40015),('2021-11-30',0.619165,0.0688754,1.38581),('2021-12-01',0.673061,0.111265,1.44804),('2021-12-02',0.682423,0.120739,1.46334),('2021-12-03',0.735014,0.163292,1.52087),('2021-12-04',0.849101,0.254736,1.6376),('2021-12-05',0.943597,0.336355,1.73357),('2021-12-06',0.920015,0.322058,1.70843),('2021-12-07',1.0194,0.415701,1.80518),('2021-12-08',1.07151,0.464306,1.85219),('2021-12-09',1.10925,0.496715,1.8837),('2021-12-10',1.14414,0.545851,1.9132),('2021-12-11',1.23504,0.624919,1.68772),('2021-12-12',1.25848,0.647677,1.76657),('2021-12-13',1.32242,0.717089,1.87999),('2021-12-14',1.38946,0.78416,1.9925),('2021-12-15',1.4459,0.839265,2.09148),('2021-12-16',1.49655,0.903361,2.18277),('2021-12-17',1.50147,0.924474,2.22177),('2021-12-18',1.59835,1.00827,2.04351),('2021-12-19',1.62884,1.05385,2.16711),('2021-12-20',1.64507,1.08468,2.26986),('2021-12-21',1.69143,1.13118,2.39809),('2021-12-22',1.71783,1.16566,2.49936),('2021-12-23',1.70149,1.17642,2.55061),('2021-12-24',1.69387,1.18798,2.60677),('2021-12-25',1.72228,1.20822,2.69753),('2021-12-26',1.72061,1.21186,2.7492),('2021-12-27',1.70013,1.2146,2.78013),('2021-12-28',1.6871,1.20815,2.81272),('2021-12-29',1.66807,1.20017,2.83383),('2021-12-30',1.60539,1.15728,2.80785),('2021-12-31',1.55093,1.12867,2.78605),('2022-01-01',1.55487,1.12106,2.82469),('2022-01-02',1.52051,1.09177,2.81471),('2022-01-03',1.45074,1.05396,2.76739),('2022-01-04',1.44818,1.03987,2.78342),('2022-01-05',1.38687,0.991195,2.7376),('2022-01-06',1.30687,0.933519,2.6689),('2022-01-07',1.23693,0.870929,2.60703),('2022-01-08',1.18045,0.806236,2.55437),('2022-01-09',1.09642,0.725955,2.47075),('2022-01-10',1.00494,0.637277,2.37771),('2022-01-11',0.983988,0.615724,2.35061),('2022-01-12',0.951879,0.580313,2.30564),('2022-01-13',0.915799,0.54839,2.25055),('2022-01-14',0.893337,0.533687,2.20306),('2022-01-15',0.845638,0.47365,2.12726),('2022-01-16',0.741396,0.39171,1.99305),('2022-01-17',0.671356,0.31369,1.89149),('2022-01-18',0.670834,0.307307,1.85496),('2022-01-19',0.654286,0.286585,1.79698),('2022-01-20',0.635791,0.282293,1.72607),('2022-01-21',0.620839,0.258832,1.6579),('2022-01-22',0.617393,0.252532,1.59597),('2022-01-23',0.591384,0.222895,1.50651),('2022-01-24',0.529964,0.167178,1.38115),('2022-01-25',0.464911,0.10749,1.24305),('2022-01-26',0.491603,0.129402,1.19506),('2022-01-27',0.466125,0.100957,1.08965),('2022-01-28',0.455011,0.0861014,0.992731),('2022-01-29',0.470049,0.0947954,0.918724),('2022-01-30',0.462692,0.0872538,0.813503),('2022-01-31',0.41513,0.0507355,1.04114),('2022-02-01',0.46399,0.0958269,1.05489),('2022-02-02',0.45019,0.0821679,1.00117),('2022-02-03',0.434203,0.0676801,0.942192),('2022-02-04',0.436697,0.0648484,0.90171),('2022-02-05',0.418194,0.0434352,0.835832),('2022-02-06',0.441182,0.0635466,0.809563),('2022-02-07',0.411411,0.04657,1.10426),('2022-02-08',0.405501,0.0378652,1.11519),('2022-02-09',0.41489,0.0398211,1.14422),('2022-02-10',0.402123,0.0248683,1.14991),('2022-02-11',0.388842,0.00898911,1.15533),('2022-02-12',0.398337,0.010983,1.18548),('2022-02-13',0.402969,0.0084011,1.20854),('2022-02-14',0.381199,0,1.20308),('2022-02-15',0.388746,0,1.23244),('2022-02-16',0.356593,0,1.21962),('2022-02-17',0.372655,0,1.25814),('2022-02-18',0.364563,0,1.27281),('2022-02-19',0.401273,0.00470905,1.33275),('2022-02-20',0.425021,0.0116784,1.37994),('2022-02-21',0.422999,0.00940769,1.39846),('2022-02-22',0.443007,0.0153809,1.44282),('2022-02-23',0.456908,0.0149521,1.47667),('2022-02-24',0.452979,0.0138705,1.49606),('2022-02-25',0.453336,0.0126689,1.51791),('2022-02-26',0.463064,0.0119955,1.54831),('2022-02-27',0.472138,0.0106739,1.5794),('2022-03-01',0.469682,0.00923668,1.59767),('2022-03-02',0.470055,0.00768398,1.61948),('2022-03-03',0.466936,0.00601577,1.63506),('2022-03-05',0.471776,0.00423203,1.66155),('2022-03-06',0.456449,0.00233278,1.66862),('2022-03-07',0.467186,0.000318014,1.70301),('2022-03-08',0.48191,0.00110489,1.73911),('2022-03-10',0.478184,0,1.75652),('2022-03-11',0.475313,0,1.77966),('2022-03-12',0.479287,0,1.80482),('2022-03-13',0.484509,0,1.82994),('2022-03-14',0.488149,0,1.8521),('2022-03-15',0.527233,0.00176131,1.91537),('2022-03-17',0.533976,0.00176584,1.94192),('2022-03-18',0.54304,0.00176131,1.969),('2022-03-19',0.553789,0.00174772,1.99871),('2022-03-20',0.552512,0.00172507,2.01087),('2022-03-21',0.550944,0.00169336,2.02765),('2022-03-23',0.554638,0.00165259,2.04649),('2022-03-24',0.553245,0.00160275,2.06144),('2022-03-25',0.548392,0.00154386,2.07507),('2022-03-26',0.556631,0.00147591,2.09351),('2022-03-27',0.529209,0,2.08252),('2022-03-28',0.520169,0,2.09194),('2022-03-31',0.519531,0,2.1085),('2022-04-02',0.519395,0,2.12368),('2022-04-04',0.528921,0,2.14793),('2022-04-05',0.530368,0,2.15927),('2022-04-06',0.56289,0,2.19842),('2022-04-07',0.567694,0,2.20981),('2022-04-08',0.574406,0,2.22139),('2022-04-09',0.613493,0,2.26396),('2022-04-10',0.638678,0,2.28947),('2022-04-12',0.650385,0,2.29557),('2022-04-14',0.674358,0.00199121,2.31411),('2022-04-15',0.724733,0.0132259,2.35199),('2022-04-16',0.712156,0,2.32792),('2022-04-17',0.726922,0,2.33275),('2022-04-18',0.764536,0.00198102,2.36074),('2022-04-19',0.81768,0.0127745,2.399),('2022-04-20',0.842839,0.00851752,2.40695),('2022-04-21',0.883256,0.0234436,2.43073),('2022-04-22',0.919306,0.0334438,2.44747),('2022-04-23',0.922617,0.0114064,2.42998),('2022-04-24',0.947785,0.0132995,2.43361),('2022-04-25',1.02297,0.0571544,2.48597),('2022-04-26',1.08359,0.0967007,2.52177),('2022-04-28',1.1158,0.113415,2.52522),('2022-04-29',1.15619,0.141442,2.53521),('2022-04-30',1.21168,0.182433,2.56304),('2022-05-01',1.23573,0.197915,2.55372),('2022-05-02',1.28281,0.235006,2.57038),('2022-05-03',1.33645,0.274271,2.59027),('2022-05-04',1.38332,0.310523,2.60435),('2022-05-05',1.40253,0.335772,2.58897),('2022-05-06',1.44655,0.366599,2.59971),('2022-05-07',1.46472,0.391636,2.58324),('2022-05-08',1.48644,0.415749,2.57392),('2022-05-09',1.50357,0.438891,2.56013),('2022-05-10',1.54927,0.460175,2.57023),('2022-05-11',1.56285,0.478303,2.55037),('2022-05-12',1.54278,0.480224,2.4985),('2022-05-13',1.5489,0.494762,2.47613),('2022-05-14',1.54495,0.506033,2.44328),('2022-05-15',1.53738,0.514037,2.41066),('2022-05-16',1.49675,0.511317,2.34758),('2022-05-17',1.47517,0.514344,2.30571),('2022-05-18',1.45369,0.51404,2.27012),('2022-05-19',1.42152,0.510407,2.22225),('2022-05-20',1.3695,0.501047,2.15958),('2022-05-21',1.32909,0.491254,2.10995),('2022-05-22',1.29815,0.478111,2.06882),('2022-05-23',1.21366,0.449897,1.98096),('2022-05-24',1.19943,0.445137,1.96485),('2022-05-25',1.17874,0.430841,1.93734),('2022-05-26',1.14594,0.410398,1.89647),('2022-05-27',1.12138,0.391281,1.86715),('2022-05-28',1.07857,0.36894,1.82106),('2022-05-29',1.06162,0.349066,1.80299),('2022-05-30',0.987686,0.31454,1.72895),('2022-05-31',0.968537,0.293636,1.71092),('2022-06-01',0.953322,0.279824,1.69794),('2022-06-02',0.895508,0.24649,1.64069),('2022-06-03',0.85694,0.210795,1.60405),('2022-06-04',0.827636,0.184854,1.57914),('2022-06-05',0.781369,0.149942,1.53641),('2022-06-06',0.712207,0.108159,1.47723),('2022-06-07',0.715519,0.110173,1.49395),('2022-06-08',0.696157,0.0968862,1.4832),('2022-06-09',0.658064,0.0624533,1.45252),('2022-06-10',0.626663,0.0374135,1.43108),('2022-06-11',0.618815,0.0310145,1.43669),('2022-06-12',0.570995,0.00455231,1.39992),('2022-06-13',0.545166,0,1.3894),('2022-06-14',0.581794,0.0226358,1.43889),('2022-06-15',0.608085,0.0459256,1.47528),('2022-06-16',0.565763,0.0302854,1.44403),('2022-06-17',0.542421,0.0174181,1.43298),('2022-06-18',0.552889,0.0291363,1.45752),('2022-06-19',0.553169,0.0333027,1.47179),('2022-06-20',0.515902,0.00632789,1.44342),('2022-06-21',0.560525,0.0288197,1.5005),('2022-06-22',0.581797,0.0320453,1.5332),('2022-06-23',0.583978,0.0303001,1.54511),('2022-06-24',0.585258,0.0278459,1.55678),('2022-06-25',0.606901,0.0344067,1.58923),('2022-06-26',0.596818,0.0312345,1.58511),('2022-06-27',0.619513,0.0341235,1.61668),('2022-06-28',0.634493,0.03564,1.63593),('2022-06-29',0.508268,0,1.51531),('2022-06-30',0.505682,0,1.52702),('2022-07-01',0.541499,0,1.57487),('2022-07-02',0.599483,0,1.64363),('2022-07-03',0.630031,0.0127788,1.68226),('2022-07-04',0.65823,0.0336558,1.71908),('2022-07-05',0.678083,0.0529745,1.74587),('2022-07-06',0.72208,0.0798104,1.79458),('2022-07-07',0.73496,0.097693,1.80997),('2022-07-08',0.742267,0.114081,1.81848),('2022-07-09',0.758112,0.128973,1.837),('2022-07-10',0.784946,0.145288,1.86577),('2022-07-11',0.805911,0.157732,1.89024),('2022-07-12',0.807437,0.1687,1.89175),('2022-07-13',0.840397,0.192456,1.92744),('2022-07-14',0.85274,0.203116,1.9399),('2022-07-15',0.849898,0.212402,1.94138),('2022-07-16',0.861596,0.220313,1.95566),('2022-07-17',0.866645,0.226848,1.96313),('2022-07-18',0.885647,0.232658,1.98449),('2022-07-19',0.881959,0.236564,1.98143),('2022-07-20',0.903374,0.243961,2.00548),('2022-07-21',0.899823,0.246027,2.00438),('2022-07-22',0.894745,0.246756,2.00187),('2022-07-23',0.884273,0.246149,1.99194),('2022-07-25',0.873661,0.244206,1.98362),('2022-07-26',0.863244,0.240926,1.97603),('2022-07-27',0.860313,0.23631,1.97763),('2022-07-28',0.847493,0.230357,1.96984),('2022-07-29',0.825295,0.223068,1.95046),('2022-07-30',0.799483,0.214443,1.92899),('2022-07-31',0.771942,0.204481,1.90708),('2022-08-01',0.751231,0.193183,1.89742),('2022-08-02',0.722152,0.180549,1.8785),('2022-08-03',0.718221,0.173385,1.88414),('2022-08-04',0.70895,0.161283,1.88446),('2022-08-05',0.681388,0.146307,1.87055),('2022-08-06',0.656249,0.122862,1.85751),('2022-08-07',0.631409,0.099348,1.8453),('2022-08-08',0.60709,0.0760285,1.83411),('2022-08-09',0.583517,0.0531665,1.82415),('2022-08-10',0.560914,0.0310249,1.81563),('2022-08-11',0.539504,0.00986672,1.80876),('2022-08-13',0.519512,0,1.80374),('2022-08-14',0.501161,0,1.80078),('2022-08-16',0.484676,0,1.80008),('2022-08-17',0.470279,0,1.80187),('2022-08-18',0.458196,0,1.80633),('2022-08-20',0.448649,0,1.81368),('2022-08-21',0.441863,0,1.82413),('2022-08-22',0.438063,0,1.83788),('2022-08-23',0.43747,0,1.85514),('2022-08-24',0.44031,0,1.87612),('2022-08-25',0.446807,0,1.90103),('2022-08-26',0.457184,0,1.93006),('2022-08-30',0.471665,0,1.96344),('2022-08-31',0.490474,0,2.00136),('2022-09-02',0.513836,0,2.04403),('2022-09-03',0.541973,0.0196782,2.09167),('2022-09-05',0.57511,0.0554752,2.14447),('2022-09-06',0.613471,0.0969894,2.20264),('2022-09-08',0.657279,0.144484,2.2664);
/*!40000 ALTER TABLE `r_efectivo` ENABLE KEYS */;
UNLOCK TABLES;

--
-- Table structure for table `recuperados`
--

DROP TABLE IF EXISTS `recuperados`;
/*!40101 SET @saved_cs_client     = @@character_set_client */;
/*!40101 SET character_set_client = utf8 */;
CREATE TABLE `recuperados` (
  `dia` varchar(255) DEFAULT NULL,
  `registros` int(11) DEFAULT NULL,
  `casos` int(11) DEFAULT NULL
) ENGINE=MyISAM DEFAULT CHARSET=latin1;
/*!40101 SET character_set_client = @saved_cs_client */;

--
-- Dumping data for table `recuperados`
--

LOCK TABLES `recuperados` WRITE;
/*!40000 ALTER TABLE `recuperados` DISABLE KEYS */;
INSERT INTO `recuperados` VALUES ('2020-05-16',1,1),('2020-05-17',2,3),('2020-05-20',1,4),('2020-05-22',1,5),('2020-05-25',1,6),('2020-05-28',1,7),('2020-05-31',1,8),('2020-06-02',5,13),('2020-06-03',3,16),('2020-06-06',3,19),('2020-06-07',1,20),('2020-06-08',2,22),('2020-06-09',2,24),('2020-06-10',4,28),('2020-06-11',3,31),('2020-06-12',3,34),('2020-06-15',2,36),('2020-06-16',1,37),('2020-06-17',4,41),('2020-06-19',1,42),('2020-06-21',5,47),('2020-06-22',4,51),('2020-06-23',2,53),('2020-06-24',8,61),('2020-06-25',2,63),('2020-06-26',1,64),('2020-06-27',3,67),('2020-06-28',1,68),('2020-06-29',1,69),('2020-06-30',1,70),('2020-07-01',2,72),('2020-07-02',6,78),('2020-07-03',1,79),('2020-07-06',1,80),('2020-07-07',1,81),('2020-07-08',1,82),('2020-07-09',4,86),('2020-07-10',4,90),('2020-07-11',3,93),('2020-07-12',1,94),('2020-07-13',9,103),('2020-07-14',6,109),('2020-07-15',2,111),('2020-07-16',14,125),('2020-07-17',7,132),('2020-07-18',10,142),('2020-07-19',8,150),('2020-07-20',14,164),('2020-07-21',11,175),('2020-07-22',6,181),('2020-07-23',4,185),('2020-07-24',3,188),('2020-07-25',8,196),('2020-07-26',14,210),('2020-07-27',9,219),('2020-07-28',4,223),('2020-07-29',2,225),('2020-07-30',6,231),('2020-07-31',49,280),('2020-08-01',22,302),('2020-08-02',22,324),('2020-08-03',6,330),('2020-08-04',2,332),('2020-08-05',1,333),('2020-08-06',41,374),('2020-08-07',4,378),('2020-08-08',1,379),('2020-08-09',13,392),('2020-08-10',6,398),('2020-08-11',1,399),('2020-08-12',2,401),('2020-08-13',3,404),('2020-08-14',6,410),('2020-08-15',34,444),('2020-08-16',94,538),('2020-08-17',25,563),('2020-08-18',3,566),('2020-08-19',16,582),('2020-08-20',11,593),('2020-08-21',25,618),('2020-08-22',7,625),('2020-08-23',5,630),('2020-08-24',20,650),('2020-08-25',85,735),('2020-08-26',6,741),('2020-08-27',4,745),('2020-08-28',25,770),('2020-08-29',32,802),('2020-08-30',6,808),('2020-08-31',6,814),('2020-09-01',4,818),('2020-09-02',15,833),('2020-09-03',12,845),('2020-09-05',10,855),('2020-09-06',26,881),('2020-09-07',13,894),('2020-09-08',2,896),('2020-09-09',19,915),('2020-09-10',38,953),('2020-09-11',18,971),('2020-09-12',4,975),('2020-09-13',5,980),('2020-09-14',9,989),('2020-09-15',2,991),('2020-09-16',1,992),('2020-09-17',3,995),('2020-09-18',4,999),('2020-09-19',4,1003),('2020-09-20',1,1004),('2020-09-21',30,1034),('2020-09-22',4,1038),('2020-09-23',12,1050),('2020-09-24',21,1071),('2020-09-25',11,1082),('2020-09-26',2,1084),('2020-09-28',2,1086),('2020-09-29',10,1096),('2020-09-30',3,1099),('2020-10-01',7,1106),('2020-10-03',6,1112),('2020-10-04',2,1114),('2020-10-08',1,1115),('2020-10-09',1,1116),('2020-10-11',8,1124),('2020-10-13',4,1128),('2020-10-14',9,1137),('2020-10-15',1,1138),('2020-10-16',4,1142),('2020-10-17',1,1143),('2020-10-18',3,1146),('2020-10-19',6,1152),('2020-10-20',2,1154),('2020-10-21',8,1162),('2020-10-22',12,1174),('2020-10-23',34,1208),('2020-10-24',10,1218),('2020-10-25',1,1219),('2020-10-26',3,1222),('2020-10-27',6,1228),('2020-10-28',5,1233),('2020-10-29',10,1243),('2020-10-30',2,1245),('2020-10-31',4,1249),('2020-11-01',14,1263),('2020-11-02',5,1268),('2020-11-03',7,1275),('2020-11-05',10,1285),('2020-11-06',10,1295),('2020-11-07',3,1298),('2020-11-08',6,1304),('2020-11-09',1,1305),('2020-11-10',3,1308),('2020-11-11',3,1311),('2020-11-12',3,1314),('2020-11-13',5,1319),('2020-11-14',16,1335),('2020-11-16',2,1337),('2020-11-17',16,1353),('2020-11-18',1,1354),('2020-11-19',1,1355),('2020-11-20',6,1361),('2020-11-21',2,1363),('2020-11-22',11,1374),('2020-11-23',26,1400),('2020-11-24',45,1445),('2020-11-26',9,1454),('2020-11-27',6,1460),('2020-11-28',31,1491),('2020-11-29',41,1532),('2020-11-30',2,1534),('2020-12-01',17,1551),('2020-12-02',5,1556),('2020-12-03',7,1563),('2020-12-04',2,1565),('2020-12-05',16,1581),('2020-12-06',14,1595),('2020-12-07',18,1613),('2020-12-08',29,1642),('2020-12-09',4,1646),('2020-12-10',15,1661),('2020-12-11',1,1662),('2020-12-12',2,1664),('2020-12-13',2,1666),('2020-12-14',9,1675),('2020-12-15',7,1682),('2020-12-16',6,1688),('2020-12-17',5,1693),('2020-12-18',36,1729),('2020-12-19',13,1742),('2020-12-20',50,1792),('2020-12-21',13,1805),('2020-12-22',16,1821),('2020-12-23',14,1835),('2020-12-24',10,1845),('2020-12-25',43,1888),('2020-12-26',37,1925),('2020-12-27',8,1933),('2020-12-28',17,1950),('2020-12-29',7,1957),('2020-12-30',16,1973),('2020-12-31',12,1985),('2021-01-01',9,1994),('2021-01-02',13,2007),('2021-01-03',14,2021),('2021-01-04',23,2044),('2021-01-05',16,2060),('2021-01-06',3,2063),('2021-01-07',4,2067),('2021-01-08',37,2104),('2021-01-09',7,2111),('2021-01-10',15,2126),('2021-01-11',17,2143),('2021-01-12',28,2171),('2021-01-13',44,2215),('2021-01-14',16,2231),('2021-01-15',6,2237),('2021-01-16',14,2251),('2021-01-17',4,2255),('2021-01-18',21,2276),('2021-01-19',4,2280),('2021-01-20',14,2294),('2021-01-21',1,2295),('2021-01-22',42,2337),('2021-01-23',1,2338),('2021-01-24',2,2340),('2021-01-25',12,2352),('2021-01-26',18,2370),('2021-01-27',17,2387),('2021-01-28',6,2393),('2021-01-29',12,2405),('2021-01-30',2,2407),('2021-01-31',32,2439),('2021-02-01',6,2445),('2021-02-02',11,2456),('2021-02-03',16,2472),('2021-02-04',5,2477),('2021-02-05',2,2479),('2021-02-06',5,2484),('2021-02-07',2,2486),('2021-02-08',10,2496),('2021-02-09',12,2508),('2021-02-10',2,2510),('2021-02-11',5,2515),('2021-02-12',1,2516),('2021-02-14',25,2541),('2021-02-15',11,2552),('2021-02-17',16,2568),('2021-02-22',1,2569),('2021-02-23',1,2570),('2021-02-24',1,2571),('2021-02-25',4,2575),('2021-02-26',1,2576),('2021-02-27',1,2577),('2021-02-28',2,2579),('2021-03-01',1,2580),('2021-03-08',53,2633),('2021-03-09',3,2636),('2021-03-11',1,2637),('2021-03-12',6,2643),('2021-03-13',3,2646),('2021-03-14',29,2675),('2021-03-15',23,2698),('2021-03-16',7,2705),('2021-03-17',10,2715),('2021-03-18',11,2726),('2021-03-19',7,2733),('2021-03-20',6,2739),('2021-03-21',6,2745),('2021-03-22',75,2820),('2021-03-23',4,2824),('2021-03-24',4,2828),('2021-03-26',2,2830),('2021-03-27',81,2911),('2021-03-29',16,2927),('2021-03-30',16,2943),('2021-03-31',11,2954),('2021-04-01',13,2967),('2021-04-02',7,2974),('2021-04-03',10,2984),('2021-04-04',131,3115),('2021-04-05',2,3117),('2021-04-06',23,3140),('2021-04-07',4,3144),('2021-04-08',7,3151),('2021-04-09',18,3169),('2021-04-10',73,3242),('2021-04-11',55,3297),('2021-04-12',3,3300),('2021-04-13',24,3324),('2021-04-14',19,3343),('2021-04-15',8,3351),('2021-04-16',2,3353),('2021-04-17',12,3365),('2021-04-18',9,3374),('2021-04-19',38,3412),('2021-04-20',502,3914),('2021-04-21',263,4177),('2021-04-22',40,4217),('2021-04-23',7,4224),('2021-04-24',10,4234),('2021-04-25',9,4243),('2021-04-26',33,4276),('2021-04-27',114,4390),('2021-04-28',358,4748),('2021-04-29',29,4777),('2021-04-30',14,4791),('2021-05-01',3,4794),('2021-05-02',2,4796),('2021-05-03',39,4835),('2021-05-04',48,4883),('2021-05-05',305,5188),('2021-05-06',31,5219),('2021-05-07',1,5220),('2021-05-08',1,5221),('2021-05-09',1,5222),('2021-05-10',3,5225),('2021-05-11',24,5249),('2021-05-12',20,5269),('2021-05-13',2,5271),('2021-05-14',165,5436),('2021-05-15',158,5594),('2021-05-16',3,5597),('2021-05-17',2,5599),('2021-05-18',13,5612),('2021-05-20',10,5622),('2021-05-21',133,5755),('2021-05-22',14,5769),('2021-05-23',78,5847),('2021-05-24',57,5904),('2021-05-25',18,5922),('2021-05-26',16,5938),('2021-05-27',9,5947),('2021-05-28',14,5961),('2021-05-29',29,5990),('2021-05-30',31,6021),('2021-05-31',5,6026),('2021-06-01',45,6071),('2021-06-02',23,6094),('2021-06-03',12,6106),('2021-06-04',13,6119),('2021-06-05',1,6120),('2021-06-06',3,6123),('2021-06-08',2,6125),('2021-06-09',35,6160),('2021-06-10',83,6243),('2021-06-11',111,6354),('2021-06-12',148,6502),('2021-06-13',129,6631),('2021-06-14',3,6634),('2021-06-15',338,6972),('2021-06-16',205,7177),('2021-06-17',262,7439),('2021-06-19',40,7479),('2021-06-20',41,7520),('2021-06-21',93,7613),('2021-06-22',225,7838),('2021-06-23',161,7999),('2021-06-24',194,8193),('2021-06-25',95,8288),('2021-06-26',201,8489),('2021-06-27',243,8732),('2021-06-28',474,9206),('2021-06-29',220,9426),('2021-06-30',153,9579),('2021-07-01',167,9746),('2021-07-02',228,9974),('2021-07-03',153,10127),('2021-07-04',137,10264),('2021-07-05',283,10547),('2021-07-06',448,10995),('2021-07-07',127,11122),('2021-07-08',250,11372),('2021-07-09',285,11657),('2021-07-10',173,11830),('2021-07-11',197,12027),('2021-07-12',178,12205),('2021-07-13',450,12655),('2021-07-14',265,12920),('2021-07-15',174,13094),('2021-07-16',118,13212),('2021-07-17',113,13325),('2021-07-18',49,13374),('2021-07-19',187,13561),('2021-07-20',275,13836),('2021-07-21',155,13991),('2021-07-22',151,14142),('2021-07-23',123,14265),('2021-07-24',188,14453),('2021-07-25',151,14604),('2021-07-26',130,14734),('2021-07-27',159,14893),('2021-07-28',265,15158),('2021-07-29',136,15294),('2021-07-30',126,15420),('2021-07-31',64,15484),('2021-08-01',65,15549),('2021-08-02',71,15620),('2021-08-03',52,15672),('2021-08-04',103,15775),('2021-08-05',109,15884),('2021-08-06',79,15963),('2021-08-07',354,16317),('2021-08-08',68,16385),('2021-08-09',57,16442),('2021-08-10',97,16539),('2021-08-11',98,16637),('2021-08-12',62,16699),('2021-08-13',102,16801),('2021-08-14',52,16853),('2021-08-15',71,16924),('2021-08-17',34,16958),('2021-08-18',41,16999),('2021-08-19',156,17155),('2021-08-20',85,17240),('2021-08-21',94,17334),('2021-08-22',40,17374),('2021-08-23',116,17490),('2021-08-24',91,17581),('2021-08-25',109,17690),('2021-08-26',88,17778),('2021-08-27',54,17832),('2021-08-28',52,17884),('2021-08-29',20,17904),('2021-08-30',38,17942),('2021-08-31',67,18009),('2021-09-01',62,18071),('2021-09-02',20,18091),('2021-09-03',25,18116),('2021-09-04',14,18130),('2021-09-05',36,18166),('2021-09-06',42,18208),('2021-09-07',17,18225),('2021-09-08',17,18242),('2021-09-09',20,18262),('2021-09-10',15,18277),('2021-09-11',4,18281),('2021-09-13',1,18282),('2021-09-15',1,18283),('2021-09-22',2,18285),('2021-09-23',2,18287),('2021-09-26',1,18288),('2021-09-28',4,18292),('2021-09-29',3,18295),('2021-10-08',1,18296),('2021-10-09',1,18297),('2021-10-10',8,18305),('2021-10-11',8,18313),('2021-10-12',3,18316),('2021-10-16',3,18319),('2021-10-18',1,18320),('2021-10-20',3,18323),('2021-10-21',1,18324),('2021-10-22',1,18325),('2021-10-24',2,18327),('2021-10-25',2,18329),('2021-10-26',3,18332),('2021-10-28',2,18334),('2021-10-29',2,18336),('2021-11-02',4,18340),('2021-11-04',2,18342),('2021-11-05',2,18344),('2021-11-07',5,18349),('2021-11-10',2,18351),('2021-11-13',14,18365),('2021-11-14',11,18376),('2021-11-15',6,18382),('2021-11-16',4,18386),('2021-11-17',1,18387),('2021-11-24',2,18389),('2021-11-25',1,18390),('2021-11-26',1,18391);
/*!40000 ALTER TABLE `recuperados` ENABLE KEYS */;
UNLOCK TABLES;
/*!40103 SET TIME_ZONE=@OLD_TIME_ZONE */;

/*!40101 SET SQL_MODE=@OLD_SQL_MODE */;
/*!40014 SET FOREIGN_KEY_CHECKS=@OLD_FOREIGN_KEY_CHECKS */;
/*!40014 SET UNIQUE_CHECKS=@OLD_UNIQUE_CHECKS */;
/*!40101 SET CHARACTER_SET_CLIENT=@OLD_CHARACTER_SET_CLIENT */;
/*!40101 SET CHARACTER_SET_RESULTS=@OLD_CHARACTER_SET_RESULTS */;
/*!40101 SET COLLATION_CONNECTION=@OLD_COLLATION_CONNECTION */;
/*!40111 SET SQL_NOTES=@OLD_SQL_NOTES */;

-- Dump completed on 2022-10-04  1:59:01
