-- MySQL dump 10.14  Distrib 5.5.65-MariaDB, for Linux (x86_64)
--
-- Host: localhost    Database: labmoirasdb
-- ------------------------------------------------------
-- Server version	5.5.65-MariaDB

/*!40101 SET @OLD_CHARACTER_SET_CLIENT=@@CHARACTER_SET_CLIENT */;
/*!40101 SET @OLD_CHARACTER_SET_RESULTS=@@CHARACTER_SET_RESULTS */;
/*!40101 SET @OLD_COLLATION_CONNECTION=@@COLLATION_CONNECTION */;
/*!40101 SET NAMES utf8 */;
/*!40103 SET @OLD_TIME_ZONE=@@TIME_ZONE */;
/*!40103 SET TIME_ZONE='+00:00' */;
/*!40014 SET @OLD_UNIQUE_CHECKS=@@UNIQUE_CHECKS, UNIQUE_CHECKS=0 */;
/*!40014 SET @OLD_FOREIGN_KEY_CHECKS=@@FOREIGN_KEY_CHECKS, FOREIGN_KEY_CHECKS=0 */;
/*!40101 SET @OLD_SQL_MODE=@@SQL_MODE, SQL_MODE='NO_AUTO_VALUE_ON_ZERO' */;
/*!40111 SET @OLD_SQL_NOTES=@@SQL_NOTES, SQL_NOTES=0 */;

--
-- Table structure for table `casospositivos`
--

DROP TABLE IF EXISTS `casospositivos`;
/*!40101 SET @saved_cs_client     = @@character_set_client */;
/*!40101 SET character_set_client = utf8 */;
CREATE TABLE `casospositivos` (
  `dia` varchar(255) DEFAULT NULL,
  `registros` int(11) DEFAULT NULL,
  `casos` int(11) DEFAULT NULL
) ENGINE=MyISAM DEFAULT CHARSET=latin1;
/*!40101 SET character_set_client = @saved_cs_client */;

--
-- Dumping data for table `casospositivos`
--

LOCK TABLES `casospositivos` WRITE;
/*!40000 ALTER TABLE `casospositivos` DISABLE KEYS */;
INSERT INTO `casospositivos` VALUES ('2020-03-18',1,1),('2020-03-20',1,2),('2020-03-21',1,3),('2020-03-22',1,4),('2020-03-24',1,5),('2020-03-25',4,9),('2020-03-26',3,12),('2020-03-27',3,15),('2020-03-28',1,16),('2020-03-29',1,17),('2020-03-30',2,19),('2020-03-31',3,22),('2020-04-02',1,23),('2020-04-03',8,31),('2020-04-04',6,37),('2020-04-05',3,40),('2020-04-06',2,42),('2020-04-07',7,49),('2020-04-08',9,58),('2020-04-09',7,65),('2020-04-10',1,66),('2020-04-11',2,68),('2020-04-12',6,74),('2020-04-13',2,76),('2020-04-14',13,89),('2020-04-15',3,92),('2020-04-16',9,101),('2020-04-17',12,113),('2020-04-18',8,121),('2020-04-19',2,123),('2020-04-20',4,127),('2020-04-21',6,133),('2020-04-22',2,135),('2020-04-23',3,138),('2020-04-24',4,142),('2020-04-25',14,156),('2020-04-26',10,166),('2020-04-27',11,177),('2020-04-28',3,180),('2020-04-29',5,185),('2020-04-30',10,195),('2020-05-02',2,197),('2020-05-03',1,198),('2020-05-04',4,202),('2020-05-05',3,205),('2020-05-06',8,213),('2020-05-07',7,220),('2020-05-08',7,227),('2020-05-09',8,235),('2020-05-10',1,236),('2020-05-11',12,248),('2020-05-12',2,250),('2020-05-13',5,255),('2020-05-14',9,264),('2020-05-15',5,269),('2020-05-16',13,282),('2020-05-17',1,283),('2020-05-18',7,290),('2020-05-19',14,304),('2020-05-20',12,316),('2020-05-21',9,325),('2020-05-22',7,332),('2020-05-23',9,341),('2020-05-24',6,347),('2020-05-25',19,366),('2020-05-26',15,381),('2020-05-27',17,398),('2020-05-28',6,404),('2020-05-29',13,417),('2020-05-30',24,441),('2020-05-31',6,447),('2020-06-01',6,453),('2020-06-02',6,459),('2020-06-03',9,468),('2020-06-04',8,476),('2020-06-05',10,486),('2020-06-06',10,496),('2020-06-07',3,499),('2020-06-08',22,521),('2020-06-09',24,545),('2020-06-10',21,566),('2020-06-11',20,586),('2020-06-12',17,603),('2020-06-13',19,622),('2020-06-14',18,640),('2020-06-15',24,664),('2020-06-16',40,704),('2020-06-17',44,748),('2020-06-18',55,803),('2020-06-19',57,860),('2020-06-20',59,919),('2020-06-21',38,957),('2020-06-22',47,1004),('2020-06-23',113,1117),('2020-06-24',105,1222),('2020-06-25',76,1298),('2020-06-26',111,1409),('2020-06-27',89,1498),('2020-06-28',73,1571),('2020-06-29',108,1679),('2020-06-30',132,1811),('2020-07-01',121,1932),('2020-07-02',163,2095),('2020-07-03',109,2204),('2020-07-04',134,2338),('2020-07-05',91,2429),('2020-07-06',78,2507),('2020-07-07',127,2634),('2020-07-08',101,2735),('2020-07-09',145,2880),('2020-07-10',147,3027),('2020-07-11',111,3138),('2020-07-12',124,3262),('2020-07-13',84,3346),('2020-07-14',140,3486),('2020-07-15',120,3606),('2020-07-16',112,3718),('2020-07-17',188,3906),('2020-07-18',140,4046),('2020-07-19',131,4177),('2020-07-20',69,4246),('2020-07-21',133,4379),('2020-07-22',195,4574),('2020-07-23',159,4733),('2020-07-24',192,4925),('2020-07-25',191,5116),('2020-07-26',114,5230),('2020-07-27',167,5397),('2020-07-28',161,5558),('2020-07-29',163,5721),('2020-07-30',151,5872),('2020-07-31',149,6021),('2020-08-01',230,6251),('2020-08-02',75,6326),('2020-08-03',202,6528),('2020-08-04',147,6675),('2020-08-05',176,6851),('2020-08-06',170,7021),('2020-08-07',102,7123),('2020-08-08',114,7237),('2020-08-09',36,7273),('2020-08-10',174,7447),('2020-08-11',96,7543),('2020-08-12',85,7628),('2020-08-13',132,7760),('2020-08-14',75,7835),('2020-08-15',85,7920),('2020-08-16',87,8007),('2020-08-17',89,8096),('2020-08-18',88,8184),('2020-08-19',79,8263),('2020-08-20',53,8316),('2020-08-21',83,8399),('2020-08-22',98,8497),('2020-08-23',51,8548),('2020-08-24',87,8635),('2020-08-25',57,8692),('2020-08-26',84,8776),('2020-08-27',77,8853),('2020-08-28',68,8921),('2020-08-29',85,9006),('2020-08-30',38,9044),('2020-08-31',101,9145),('2020-09-01',50,9195),('2020-09-02',65,9260),('2020-09-03',57,9317),('2020-09-04',81,9398),('2020-09-05',83,9481),('2020-09-06',35,9516),('2020-09-07',70,9586),('2020-09-08',60,9646),('2020-09-09',28,9674),('2020-09-10',47,9721),('2020-09-11',60,9781),('2020-09-12',81,9862),('2020-09-13',37,9899),('2020-09-14',50,9949),('2020-09-15',55,10004),('2020-09-16',29,10033),('2020-09-17',48,10081),('2020-09-18',50,10131),('2020-09-19',49,10180),('2020-09-20',15,10195),('2020-09-21',44,10239),('2020-09-22',44,10283),('2020-09-23',32,10315),('2020-09-24',87,10402),('2020-09-25',56,10458),('2020-09-26',94,10552),('2020-09-27',29,10581),('2020-09-28',75,10656),('2020-09-29',30,10686),('2020-09-30',33,10719),('2020-10-01',35,10754),('2020-10-02',48,10802),('2020-10-03',51,10853),('2020-10-04',19,10872),('2020-10-05',47,10919),('2020-10-06',23,10942),('2020-10-07',34,10976),('2020-10-08',67,11043),('2020-10-09',42,11085),('2020-10-10',26,11111),('2020-10-11',27,11138),('2020-10-12',26,11164),('2020-10-13',35,11199),('2020-10-14',17,11216),('2020-10-15',39,11255),('2020-10-16',51,11306),('2020-10-17',66,11372),('2020-10-18',45,11417),('2020-10-19',71,11488),('2020-10-20',88,11576),('2020-10-21',55,11631),('2020-10-22',63,11694),('2020-10-23',64,11758),('2020-10-24',38,11796),('2020-10-25',33,11829),('2020-10-26',73,11902),('2020-10-27',85,11987),('2020-10-28',32,12019),('2020-10-29',52,12071),('2020-10-30',46,12117),('2020-10-31',67,12184),('2020-11-01',138,12322),('2020-11-02',66,12388),('2020-11-03',111,12499),('2020-11-04',27,12526),('2020-11-05',47,12573),('2020-11-06',81,12654),('2020-11-07',99,12753),('2020-11-08',56,12809),('2020-11-09',181,12990),('2020-11-10',125,13115),('2020-11-11',54,13169),('2020-11-12',65,13234),('2020-11-13',69,13303),('2020-11-14',62,13365),('2020-11-15',83,13448),('2020-11-16',53,13501),('2020-11-17',86,13587),('2020-11-18',45,13632),('2020-11-19',100,13732),('2020-11-20',111,13843),('2020-11-21',125,13968),('2020-11-22',62,14030),('2020-11-23',154,14184),('2020-11-24',98,14282),('2020-11-25',77,14359),('2020-11-26',104,14463),('2020-11-27',106,14569),('2020-11-28',96,14665),('2020-11-29',39,14704),('2020-11-30',125,14829),('2020-12-01',120,14949),('2020-12-02',149,15098),('2020-12-03',118,15216),('2020-12-04',112,15328),('2020-12-05',112,15440),('2020-12-06',97,15537),('2020-12-07',142,15679),('2020-12-08',97,15776),('2020-12-09',137,15913),('2020-12-10',181,16094),('2020-12-11',158,16252),('2020-12-12',126,16378),('2020-12-13',120,16498),('2020-12-14',138,16636),('2020-12-15',128,16764),('2020-12-16',99,16863),('2020-12-17',154,17017),('2020-12-18',105,17122),('2020-12-19',123,17245),('2020-12-20',50,17295),('2020-12-21',97,17392),('2020-12-22',130,17522),('2020-12-23',82,17604),('2020-12-24',139,17743),('2020-12-25',81,17824),('2020-12-26',155,17979),('2020-12-27',104,18083),('2020-12-28',240,18323),('2020-12-29',140,18463),('2020-12-30',101,18564),('2020-12-31',61,18625),('2021-01-01',45,18670),('2021-01-02',197,18867),('2021-01-03',102,18969),('2021-01-04',191,19160),('2021-01-05',177,19337),('2021-01-06',114,19451),('2021-01-07',163,19614),('2021-01-08',227,19841),('2021-01-09',173,20014),('2021-01-10',82,20096),('2021-01-11',119,20215),('2021-01-12',175,20390),('2021-01-13',157,20547),('2021-01-14',123,20670),('2021-01-15',139,20809),('2021-01-16',85,20894),('2021-01-17',108,21002),('2021-01-18',105,21107),('2021-01-19',120,21227),('2021-01-20',168,21395),('2021-01-21',88,21483),('2021-01-22',93,21576),('2021-01-23',173,21749),('2021-01-24',70,21819),('2021-01-25',100,21919),('2021-01-26',66,21985),('2021-01-27',69,22054),('2021-01-28',66,22120),('2021-01-29',62,22182),('2021-01-30',117,22299),('2021-01-31',42,22341),('2021-02-01',124,22465),('2021-02-02',53,22518),('2021-02-03',45,22563),('2021-02-04',92,22655),('2021-02-05',101,22756),('2021-02-06',53,22809),('2021-02-07',127,22936),('2021-02-08',53,22989),('2021-02-09',72,23061),('2021-02-10',60,23121),('2021-02-11',135,23256),('2021-02-12',86,23342),('2021-02-13',50,23392),('2021-02-14',113,23505),('2021-02-15',137,23642),('2021-02-16',95,23737),('2021-02-17',76,23813),('2021-02-18',176,23989),('2021-02-19',244,24233),('2021-02-20',125,24358),('2021-02-21',217,24575),('2021-02-22',161,24736),('2021-02-23',210,24946),('2021-02-24',89,25035),('2021-02-25',214,25249),('2021-02-26',160,25409),('2021-02-27',251,25660),('2021-02-28',197,25857),('2021-03-01',208,26065),('2021-03-02',195,26260),('2021-03-03',181,26441),('2021-03-04',237,26678),('2021-03-05',222,26900),('2021-03-06',226,27126),('2021-03-07',224,27350),('2021-03-08',276,27626),('2021-03-09',278,27904),('2021-03-10',260,28164),('2021-03-11',298,28462),('2021-03-12',347,28809),('2021-03-13',293,29102),('2021-03-14',327,29429),('2021-03-15',390,29819),('2021-03-16',491,30310),('2021-03-17',313,30623),('2021-03-18',629,31252),('2021-03-19',408,31660),('2021-03-20',303,31963),('2021-03-21',398,32361),('2021-03-22',185,32546),('2021-03-23',404,32950),('2021-03-24',304,33254),('2021-03-25',415,33669),('2021-03-26',425,34094),('2021-03-27',300,34394),('2021-03-28',210,34604),('2021-03-29',480,35084),('2021-03-30',466,35550),('2021-03-31',320,35870),('2021-04-01',326,36196),('2021-04-02',347,36543),('2021-04-03',364,36907),('2021-04-04',330,37237),('2021-04-05',429,37666),('2021-04-06',404,38070),('2021-04-07',269,38339),('2021-04-08',568,38907),('2021-04-09',599,39506),('2021-04-10',467,39973),('2021-04-11',214,40187),('2021-04-12',398,40585),('2021-04-13',350,40935),('2021-04-14',344,41279),('2021-04-15',540,41819),('2021-04-16',630,42449),('2021-04-17',346,42795),('2021-04-18',265,43060),('2021-04-19',454,43514),('2021-04-20',211,43725),('2021-04-21',237,43962),('2021-04-22',369,44331),('2021-04-23',253,44584),('2021-04-24',239,44823),('2021-04-25',228,45051),('2021-04-26',355,45406),('2021-04-27',275,45681),('2021-04-28',164,45845),('2021-04-29',261,46106),('2021-04-30',306,46412),('2021-05-01',270,46682),('2021-05-02',194,46876),('2021-05-03',367,47243),('2021-05-04',288,47531),('2021-05-05',168,47699),('2021-05-06',253,47952),('2021-05-07',352,48304),('2021-05-08',245,48549),('2021-05-09',234,48783),('2021-05-10',332,49115),('2021-05-11',376,49491),('2021-05-12',266,49757),('2021-05-13',376,50133),('2021-05-14',283,50416),('2021-05-15',267,50683),('2021-05-16',221,50904),('2021-05-17',315,51219),('2021-05-18',235,51454),('2021-05-19',195,51649),('2021-05-20',257,51906),('2021-05-21',268,52174),('2021-05-22',192,52366),('2021-05-23',144,52510),('2021-05-24',234,52744),('2021-05-25',212,52956),('2021-05-26',144,53100),('2021-05-27',149,53249),('2021-05-28',219,53468),('2021-05-29',172,53640),('2021-05-30',156,53796),('2021-05-31',250,54046),('2021-06-01',206,54252),('2021-06-02',132,54384),('2021-06-03',153,54537),('2021-06-04',292,54829),('2021-06-05',183,55012),('2021-06-06',125,55137),('2021-06-07',128,55265),('2021-06-08',190,55455),('2021-06-09',135,55590),('2021-06-10',272,55862),('2021-06-11',201,56063),('2021-06-12',172,56235),('2021-06-13',188,56423),('2021-06-14',196,56619),('2021-06-15',218,56837),('2021-06-16',122,56959),('2021-06-17',242,57201),('2021-06-18',239,57440),('2021-06-19',206,57646),('2021-06-20',227,57873),('2021-06-21',313,58186),('2021-06-22',228,58414),('2021-06-23',238,58652),('2021-06-24',227,58879),('2021-06-25',201,59080),('2021-06-26',203,59283),('2021-06-27',157,59440),('2021-06-28',292,59732),('2021-06-29',328,60060),('2021-06-30',152,60212),('2021-07-01',169,60381),('2021-07-02',255,60636),('2021-07-03',110,60746),('2021-07-04',123,60869),('2021-07-05',97,60966),('2021-07-06',181,61147),('2021-07-07',156,61303),('2021-07-08',204,61507),('2021-07-09',123,61630),('2021-07-10',172,61802),('2021-07-11',110,61912),('2021-07-12',185,62097),('2021-07-13',181,62278),('2021-07-14',179,62457),('2021-07-15',185,62642),('2021-07-16',133,62775),('2021-07-17',72,62847),('2021-07-18',64,62911),('2021-07-19',72,62983),('2021-07-20',41,63024),('2021-07-21',85,63109),('2021-07-22',109,63218),('2021-07-23',85,63303),('2021-07-24',110,63413),('2021-07-25',61,63474),('2021-07-26',88,63562),('2021-07-27',53,63615),('2021-07-28',97,63712),('2021-07-29',107,63819),('2021-07-30',51,63870),('2021-07-31',71,63941),('2021-08-01',61,64002),('2021-08-02',119,64121),('2021-08-03',70,64191),('2021-08-04',51,64242),('2021-08-05',63,64305),('2021-08-06',78,64383),('2021-08-07',44,64427),('2021-08-08',55,64482),('2021-08-09',104,64586),('2021-08-10',71,64657),('2021-08-11',47,64704),('2021-08-12',61,64765),('2021-08-13',48,64813),('2021-08-14',35,64848),('2021-08-15',55,64903),('2021-08-16',37,64940),('2021-08-17',60,65000),('2021-08-18',28,65028),('2021-08-19',47,65075),('2021-08-20',64,65139),('2021-08-21',57,65196),('2021-08-22',21,65217),('2021-08-23',43,65260),('2021-08-24',53,65313),('2021-08-25',35,65348),('2021-08-26',58,65406),('2021-08-27',47,65453),('2021-08-28',41,65494),('2021-08-29',43,65537),('2021-08-30',40,65577),('2021-08-31',27,65604),('2021-09-01',32,65636),('2021-09-02',83,65719),('2021-09-03',48,65767),('2021-09-04',39,65806),('2021-09-05',26,65832),('2021-09-06',49,65881),('2021-09-07',46,65927),('2021-09-08',23,65950),('2021-09-09',61,66011),('2021-09-10',54,66065),('2021-09-11',52,66117),('2021-09-12',23,66140),('2021-09-13',52,66192),('2021-09-14',43,66235),('2021-09-15',40,66275),('2021-09-16',68,66343),('2021-09-17',56,66399),('2021-09-18',54,66453),('2021-09-19',53,66506),('2021-09-20',77,66583),('2021-09-21',47,66630),('2021-09-22',57,66687),('2021-09-23',108,66795),('2021-09-24',81,66876),('2021-09-25',82,66958),('2021-09-26',68,67026),('2021-09-27',82,67108),('2021-09-28',57,67165),('2021-09-29',32,67197),('2021-09-30',50,67247),('2021-10-01',27,67274),('2021-10-02',50,67324),('2021-10-03',39,67363),('2021-10-04',68,67431),('2021-10-05',51,67482),('2021-10-06',32,67514),('2021-10-07',50,67564),('2021-10-08',64,67628),('2021-10-09',35,67663),('2021-10-10',21,67684),('2021-10-11',100,67784),('2021-10-12',67,67851),('2021-10-13',44,67895),('2021-10-14',86,67981),('2021-10-15',54,68035),('2021-10-16',74,68109),('2021-10-17',42,68151),('2021-10-18',42,68193),('2021-10-19',75,68268),('2021-10-20',51,68319),('2021-10-21',58,68377),('2021-10-22',83,68460),('2021-10-23',60,68520),('2021-10-24',56,68576),('2021-10-25',71,68647),('2021-10-26',56,68703),('2021-10-27',44,68747),('2021-10-28',36,68783),('2021-10-29',47,68830),('2021-10-30',25,68855),('2021-10-31',1,68856),('2021-11-01',8,68864),('2021-11-02',45,68909),('2021-11-03',24,68933),('2021-11-04',24,68957),('2021-11-05',6,68963);
/*!40000 ALTER TABLE `casospositivos` ENABLE KEYS */;
UNLOCK TABLES;

--
-- Table structure for table `edadesgenero`
--

DROP TABLE IF EXISTS `edadesgenero`;
/*!40101 SET @saved_cs_client     = @@character_set_client */;
/*!40101 SET character_set_client = utf8 */;
CREATE TABLE `edadesgenero` (
  `rango` varchar(255) DEFAULT NULL,
  `cant` int(11) DEFAULT NULL,
  `porcen` float DEFAULT NULL,
  `edadesF` int(11) DEFAULT NULL,
  `edadesM` int(11) DEFAULT NULL
) ENGINE=MyISAM DEFAULT CHARSET=latin1;
/*!40101 SET character_set_client = @saved_cs_client */;

--
-- Dumping data for table `edadesgenero`
--

LOCK TABLES `edadesgenero` WRITE;
/*!40000 ALTER TABLE `edadesgenero` DISABLE KEYS */;
INSERT INTO `edadesgenero` VALUES ('0-9',2894,4.19645,1430,1464),('10-19',6184,8.96713,3232,2952),('20-29',13318,19.3118,7290,6028),('30-39',15000,21.7508,7904,7096),('40-49',11757,17.0483,6308,5449),('50-59',9422,13.6624,5128,4294),('60-69',5972,8.65972,3313,2659),('70-79',2990,4.33566,1562,1428),('80-89',1161,1.68351,642,519),('90-99',254,0.368313,149,105),('100+',11,0.0159506,8,3);
/*!40000 ALTER TABLE `edadesgenero` ENABLE KEYS */;
UNLOCK TABLES;

--
-- Table structure for table `enviardatos`
--

DROP TABLE IF EXISTS `enviardatos`;
/*!40101 SET @saved_cs_client     = @@character_set_client */;
/*!40101 SET character_set_client = utf8 */;
CREATE TABLE `enviardatos` (
  `nombre` varchar(255) DEFAULT NULL,
  `correo` varchar(255) DEFAULT NULL
) ENGINE=MyISAM DEFAULT CHARSET=latin1;
/*!40101 SET character_set_client = @saved_cs_client */;

--
-- Dumping data for table `enviardatos`
--

LOCK TABLES `enviardatos` WRITE;
/*!40000 ALTER TABLE `enviardatos` DISABLE KEYS */;
/*!40000 ALTER TABLE `enviardatos` ENABLE KEYS */;
UNLOCK TABLES;

--
-- Table structure for table `fallecidos`
--

DROP TABLE IF EXISTS `fallecidos`;
/*!40101 SET @saved_cs_client     = @@character_set_client */;
/*!40101 SET character_set_client = utf8 */;
CREATE TABLE `fallecidos` (
  `dia` varchar(255) DEFAULT NULL,
  `registros` int(11) DEFAULT NULL,
  `casos` int(11) DEFAULT NULL
) ENGINE=MyISAM DEFAULT CHARSET=latin1;
/*!40101 SET character_set_client = @saved_cs_client */;

--
-- Dumping data for table `fallecidos`
--

LOCK TABLES `fallecidos` WRITE;
/*!40000 ALTER TABLE `fallecidos` DISABLE KEYS */;
INSERT INTO `fallecidos` VALUES ('2020-03-23',1,1),('2020-03-28',1,2),('2020-04-05',1,3),('2020-04-07',1,4),('2020-04-08',1,5),('2020-04-09',1,6),('2020-04-12',2,8),('2020-04-18',2,10),('2020-04-22',1,11),('2020-04-23',1,12),('2020-04-26',2,14),('2020-04-30',1,15),('2020-05-02',1,16),('2020-05-04',2,18),('2020-05-05',1,19),('2020-05-07',1,20),('2020-05-09',1,21),('2020-05-23',2,23),('2020-05-29',1,24),('2020-06-02',1,25),('2020-06-10',3,28),('2020-06-11',2,30),('2020-06-12',1,31),('2020-06-14',3,34),('2020-06-15',1,35),('2020-06-16',3,38),('2020-06-17',2,40),('2020-06-18',5,45),('2020-06-19',2,47),('2020-06-20',1,48),('2020-06-21',1,49),('2020-06-22',2,51),('2020-06-23',2,53),('2020-06-24',3,56),('2020-06-25',3,59),('2020-06-26',3,62),('2020-06-27',2,64),('2020-06-28',3,67),('2020-06-29',2,69),('2020-06-30',4,73),('2020-07-01',9,82),('2020-07-02',7,89),('2020-07-03',4,93),('2020-07-04',1,94),('2020-07-05',7,101),('2020-07-06',8,109),('2020-07-07',2,111),('2020-07-08',6,117),('2020-07-09',6,123),('2020-07-10',2,125),('2020-07-11',11,136),('2020-07-12',4,140),('2020-07-13',1,141),('2020-07-14',3,144),('2020-07-15',6,150),('2020-07-16',8,158),('2020-07-17',7,165),('2020-07-18',7,172),('2020-07-19',4,176),('2020-07-20',3,179),('2020-07-21',9,188),('2020-07-22',5,193),('2020-07-23',4,197),('2020-07-24',6,203),('2020-07-25',6,209),('2020-07-26',4,213),('2020-07-27',7,220),('2020-07-28',8,228),('2020-07-29',6,234),('2020-07-30',6,240),('2020-07-31',8,248),('2020-08-01',5,253),('2020-08-02',3,256),('2020-08-03',10,266),('2020-08-04',4,270),('2020-08-05',8,278),('2020-08-06',4,282),('2020-08-07',3,285),('2020-08-08',7,292),('2020-08-09',3,295),('2020-08-10',8,303),('2020-08-11',8,311),('2020-08-12',4,315),('2020-08-13',8,323),('2020-08-14',6,329),('2020-08-15',7,336),('2020-08-16',8,344),('2020-08-17',5,349),('2020-08-18',3,352),('2020-08-19',5,357),('2020-08-20',2,359),('2020-08-21',7,366),('2020-08-22',5,371),('2020-08-23',3,374),('2020-08-24',8,382),('2020-08-25',4,386),('2020-08-26',6,392),('2020-08-27',7,399),('2020-08-28',7,406),('2020-08-29',1,407),('2020-08-30',2,409),('2020-08-31',6,415),('2020-09-01',1,416),('2020-09-02',2,418),('2020-09-03',6,424),('2020-09-04',5,429),('2020-09-05',3,432),('2020-09-06',6,438),('2020-09-07',3,441),('2020-09-08',2,443),('2020-09-10',1,444),('2020-09-11',2,446),('2020-09-12',1,447),('2020-09-14',4,451),('2020-09-15',2,453),('2020-09-16',3,456),('2020-09-17',3,459),('2020-09-18',4,463),('2020-09-19',2,465),('2020-09-20',3,468),('2020-09-21',2,470),('2020-09-22',2,472),('2020-09-23',1,473),('2020-09-25',1,474),('2020-09-26',4,478),('2020-09-27',4,482),('2020-09-28',1,483),('2020-09-30',2,485),('2020-10-02',2,487),('2020-10-03',2,489),('2020-10-04',1,490),('2020-10-05',2,492),('2020-10-06',1,493),('2020-10-11',1,494),('2020-10-13',3,497),('2020-10-14',3,500),('2020-10-15',1,501),('2020-10-17',1,502),('2020-10-19',1,503),('2020-10-20',1,504),('2020-10-22',2,506),('2020-10-23',1,507),('2020-10-26',1,508),('2020-10-27',1,509),('2020-10-28',1,510),('2020-11-02',1,511),('2020-11-05',1,512),('2020-11-06',2,514),('2020-11-07',2,516),('2020-11-08',2,518),('2020-11-09',1,519),('2020-11-10',2,521),('2020-11-12',3,524),('2020-11-14',2,526),('2020-11-15',1,527),('2020-11-16',1,528),('2020-11-17',2,530),('2020-11-18',1,531),('2020-11-19',4,535),('2020-11-20',1,536),('2020-11-21',1,537),('2020-11-24',2,539),('2020-11-25',4,543),('2020-11-27',1,544),('2020-11-28',4,548),('2020-11-29',3,551),('2020-11-30',3,554),('2020-12-01',1,555),('2020-12-02',1,556),('2020-12-03',2,558),('2020-12-05',2,560),('2020-12-06',1,561),('2020-12-07',2,563),('2020-12-08',1,564),('2020-12-09',2,566),('2020-12-10',1,567),('2020-12-12',3,570),('2020-12-13',2,572),('2020-12-14',4,576),('2020-12-15',4,580),('2020-12-17',4,584),('2020-12-18',1,585),('2020-12-19',2,587),('2020-12-20',4,591),('2020-12-21',6,597),('2020-12-22',2,599),('2020-12-23',2,601),('2020-12-24',1,602),('2020-12-25',1,603),('2020-12-26',2,605),('2020-12-27',1,606),('2020-12-28',1,607),('2020-12-29',3,610),('2020-12-30',4,614),('2020-12-31',3,617),('2021-01-01',4,621),('2021-01-02',3,624),('2021-01-03',6,630),('2021-01-04',2,632),('2021-01-05',4,636),('2021-01-07',4,640),('2021-01-08',1,641),('2021-01-09',3,644),('2021-01-10',1,645),('2021-01-11',4,649),('2021-01-13',2,651),('2021-01-14',3,654),('2021-01-15',5,659),('2021-01-16',1,660),('2021-01-17',3,663),('2021-01-18',1,664),('2021-01-20',2,666),('2021-01-21',2,668),('2021-01-22',4,672),('2021-01-24',2,674),('2021-01-26',3,677),('2021-01-27',1,678),('2021-01-28',4,682),('2021-01-30',1,683),('2021-02-01',4,687),('2021-02-02',3,690),('2021-02-03',3,693),('2021-02-04',2,695),('2021-02-05',3,698),('2021-02-06',3,701),('2021-02-07',2,703),('2021-02-08',2,705),('2021-02-09',2,707),('2021-02-10',2,709),('2021-02-11',2,711),('2021-02-12',2,713),('2021-02-13',1,714),('2021-02-14',2,716),('2021-02-15',4,720),('2021-02-16',1,721),('2021-02-17',1,722),('2021-02-18',1,723),('2021-02-19',2,725),('2021-02-20',4,729),('2021-02-21',2,731),('2021-02-22',3,734),('2021-02-23',2,736),('2021-02-24',1,737),('2021-02-25',4,741),('2021-02-26',2,743),('2021-02-27',2,745),('2021-02-28',4,749),('2021-03-01',1,750),('2021-03-02',4,754),('2021-03-03',5,759),('2021-03-04',3,762),('2021-03-05',6,768),('2021-03-06',9,777),('2021-03-07',3,780),('2021-03-08',3,783),('2021-03-09',5,788),('2021-03-10',6,794),('2021-03-11',1,795),('2021-03-12',2,797),('2021-03-13',8,805),('2021-03-14',10,815),('2021-03-15',8,823),('2021-03-16',7,830),('2021-03-17',9,839),('2021-03-18',6,845),('2021-03-19',5,850),('2021-03-20',10,860),('2021-03-21',8,868),('2021-03-22',16,884),('2021-03-23',7,891),('2021-03-24',7,898),('2021-03-25',13,911),('2021-03-26',11,922),('2021-03-27',7,929),('2021-03-28',10,939),('2021-03-29',9,948),('2021-03-30',9,957),('2021-03-31',14,971),('2021-04-01',5,976),('2021-04-02',8,984),('2021-04-03',14,998),('2021-04-04',23,1021),('2021-04-05',20,1041),('2021-04-06',11,1052),('2021-04-07',12,1064),('2021-04-08',15,1079),('2021-04-09',11,1090),('2021-04-10',15,1105),('2021-04-11',13,1118),('2021-04-12',17,1135),('2021-04-13',18,1153),('2021-04-14',17,1170),('2021-04-15',17,1187),('2021-04-16',16,1203),('2021-04-17',22,1225),('2021-04-18',13,1238),('2021-04-19',21,1259),('2021-04-20',15,1274),('2021-04-21',17,1291),('2021-04-22',13,1304),('2021-04-23',20,1324),('2021-04-24',12,1336),('2021-04-25',9,1345),('2021-04-26',13,1358),('2021-04-27',17,1375),('2021-04-28',13,1388),('2021-04-29',9,1397),('2021-04-30',13,1410),('2021-05-01',16,1426),('2021-05-02',15,1441),('2021-05-03',12,1453),('2021-05-04',8,1461),('2021-05-05',11,1472),('2021-05-06',12,1484),('2021-05-07',11,1495),('2021-05-08',6,1501),('2021-05-09',11,1512),('2021-05-10',6,1518),('2021-05-11',11,1529),('2021-05-12',11,1540),('2021-05-13',8,1548),('2021-05-14',8,1556),('2021-05-15',7,1563),('2021-05-16',14,1577),('2021-05-17',6,1583),('2021-05-18',7,1590),('2021-05-19',8,1598),('2021-05-20',7,1605),('2021-05-21',5,1610),('2021-05-22',5,1615),('2021-05-23',7,1622),('2021-05-24',5,1627),('2021-05-25',14,1641),('2021-05-26',7,1648),('2021-05-27',6,1654),('2021-05-28',5,1659),('2021-05-29',9,1668),('2021-05-30',8,1676),('2021-05-31',8,1684),('2021-06-01',6,1690),('2021-06-02',5,1695),('2021-06-03',10,1705),('2021-06-04',9,1714),('2021-06-05',2,1716),('2021-06-06',7,1723),('2021-06-07',7,1730),('2021-06-08',6,1736),('2021-06-09',7,1743),('2021-06-10',6,1749),('2021-06-11',5,1754),('2021-06-12',3,1757),('2021-06-13',6,1763),('2021-06-14',5,1768),('2021-06-15',2,1770),('2021-06-16',9,1779),('2021-06-17',4,1783),('2021-06-18',4,1787),('2021-06-19',2,1789),('2021-06-20',6,1795),('2021-06-21',6,1801),('2021-06-22',3,1804),('2021-06-23',4,1808),('2021-06-24',4,1812),('2021-06-25',5,1817),('2021-06-26',4,1821),('2021-06-27',2,1823),('2021-06-28',4,1827),('2021-06-29',5,1832),('2021-06-30',8,1840),('2021-07-01',7,1847),('2021-07-02',4,1851),('2021-07-03',7,1858),('2021-07-04',4,1862),('2021-07-05',1,1863),('2021-07-06',4,1867),('2021-07-07',1,1868),('2021-07-08',6,1874),('2021-07-09',3,1877),('2021-07-10',6,1883),('2021-07-11',10,1893),('2021-07-12',4,1897),('2021-07-13',4,1901),('2021-07-14',7,1908),('2021-07-15',1,1909),('2021-07-16',6,1915),('2021-07-17',5,1920),('2021-07-18',12,1932),('2021-07-19',2,1934),('2021-07-20',2,1936),('2021-07-21',5,1941),('2021-07-22',6,1947),('2021-07-23',4,1951),('2021-07-24',2,1953),('2021-07-25',3,1956),('2021-07-26',5,1961),('2021-07-27',3,1964),('2021-07-28',3,1967),('2021-07-29',2,1969),('2021-07-30',5,1974),('2021-07-31',5,1979),('2021-08-01',3,1982),('2021-08-03',3,1985),('2021-08-04',5,1990),('2021-08-05',2,1992),('2021-08-06',1,1993),('2021-08-07',1,1994),('2021-08-08',2,1996),('2021-08-09',2,1998),('2021-08-10',3,2001),('2021-08-11',1,2002),('2021-08-12',1,2003),('2021-08-13',1,2004),('2021-08-14',5,2009),('2021-08-15',1,2010),('2021-08-17',5,2015),('2021-08-18',4,2019),('2021-08-19',2,2021),('2021-08-20',5,2026),('2021-08-21',3,2029),('2021-08-22',1,2030),('2021-08-23',4,2034),('2021-08-24',1,2035),('2021-08-25',1,2036),('2021-08-26',1,2037),('2021-08-27',2,2039),('2021-08-28',1,2040),('2021-08-30',3,2043),('2021-08-31',2,2045),('2021-09-02',2,2047),('2021-09-03',1,2048),('2021-09-04',2,2050),('2021-09-06',1,2051),('2021-09-07',3,2054),('2021-09-08',1,2055),('2021-09-09',2,2057),('2021-09-10',1,2058),('2021-09-13',3,2061),('2021-09-16',2,2063),('2021-09-18',2,2065),('2021-09-20',1,2066),('2021-09-21',2,2068),('2021-09-24',2,2070),('2021-09-25',1,2071),('2021-09-26',1,2072),('2021-09-27',4,2076),('2021-09-28',2,2078),('2021-09-29',1,2079),('2021-09-30',1,2080),('2021-10-01',2,2082),('2021-10-02',4,2086),('2021-10-05',3,2089),('2021-10-06',1,2090),('2021-10-07',3,2093),('2021-10-08',2,2095),('2021-10-11',1,2096),('2021-10-12',1,2097),('2021-10-15',3,2100),('2021-10-16',1,2101),('2021-10-19',1,2102),('2021-10-20',2,2104),('2021-10-21',1,2105),('2021-10-22',1,2106),('2021-10-23',2,2108),('2021-10-24',3,2111),('2021-10-25',3,2114),('2021-10-26',3,2117),('2021-10-27',1,2118),('2021-10-28',2,2120),('2021-10-29',5,2125),('2021-11-01',2,2127),('2021-11-02',1,2128),('2021-11-05',1,2129),('2021-11-06',1,2130);
/*!40000 ALTER TABLE `fallecidos` ENABLE KEYS */;
UNLOCK TABLES;

--
-- Table structure for table `fechacorte`
--

DROP TABLE IF EXISTS `fechacorte`;
/*!40101 SET @saved_cs_client     = @@character_set_client */;
/*!40101 SET character_set_client = utf8 */;
CREATE TABLE `fechacorte` (
  `hora` varchar(255) DEFAULT NULL
) ENGINE=MyISAM DEFAULT CHARSET=latin1;
/*!40101 SET character_set_client = @saved_cs_client */;

--
-- Dumping data for table `fechacorte`
--

LOCK TABLES `fechacorte` WRITE;
/*!40000 ALTER TABLE `fechacorte` DISABLE KEYS */;
INSERT INTO `fechacorte` VALUES ('Mon Nov  8 03:01:31 -05 2021\n');
/*!40000 ALTER TABLE `fechacorte` ENABLE KEYS */;
UNLOCK TABLES;

--
-- Table structure for table `genero`
--

DROP TABLE IF EXISTS `genero`;
/*!40101 SET @saved_cs_client     = @@character_set_client */;
/*!40101 SET character_set_client = utf8 */;
CREATE TABLE `genero` (
  `nF` int(11) DEFAULT NULL,
  `nM` int(11) DEFAULT NULL,
  `porcenF` float DEFAULT NULL,
  `porcenM` float DEFAULT NULL
) ENGINE=MyISAM DEFAULT CHARSET=latin1;
/*!40101 SET character_set_client = @saved_cs_client */;

--
-- Dumping data for table `genero`
--

LOCK TABLES `genero` WRITE;
/*!40000 ALTER TABLE `genero` DISABLE KEYS */;
INSERT INTO `genero` VALUES (36966,31997,53.6027,46.3973);
/*!40000 ALTER TABLE `genero` ENABLE KEYS */;
UNLOCK TABLES;

--
-- Table structure for table `r_efectivo`
--

DROP TABLE IF EXISTS `r_efectivo`;
/*!40101 SET @saved_cs_client     = @@character_set_client */;
/*!40101 SET character_set_client = utf8 */;
CREATE TABLE `r_efectivo` (
  `dia` varchar(255) DEFAULT NULL,
  `rt` float DEFAULT NULL,
  `rt_low` float DEFAULT NULL,
  `rt_high` float DEFAULT NULL
) ENGINE=MyISAM DEFAULT CHARSET=latin1;
/*!40101 SET character_set_client = @saved_cs_client */;

--
-- Dumping data for table `r_efectivo`
--

LOCK TABLES `r_efectivo` WRITE;
/*!40000 ALTER TABLE `r_efectivo` DISABLE KEYS */;
INSERT INTO `r_efectivo` VALUES ('2020-03-18',0.584547,0,8.7055),('2020-03-20',0.740098,0,8.09841),('2020-03-21',0.880385,0.00407238,7.52947),('2020-03-22',1.006,0.0236954,6.99749),('2020-03-24',1.11752,0.0415721,6.50127),('2020-03-25',1.21554,0.0577639,6.03963),('2020-03-26',1.30065,0.0723324,5.61136),('2020-03-27',1.37343,0.0853389,5.21527),('2020-03-28',1.43446,0.0968451,4.85018),('2020-03-29',1.48435,0.106912,4.51487),('2020-03-30',1.52366,0.115602,4.20817),('2020-03-31',1.553,0.122976,3.92887),('2020-04-02',1.57294,0.129095,3.67579),('2020-04-03',1.58408,0.134021,3.44772),('2020-04-04',1.58699,0.137816,3.24348),('2020-04-05',1.58228,0.140541,3.06187),('2020-04-06',1.57052,0.142257,2.90169),('2020-04-07',1.5523,0.143026,2.76175),('2020-04-08',1.52821,0.142909,2.64086),('2020-04-09',1.49883,0.141969,2.53783),('2020-04-10',1.46476,0.140265,2.45145),('2020-04-11',1.42657,0.137861,2.38054),('2020-04-12',1.38486,0.134817,2.3239),('2020-04-13',1.34022,0.131194,2.28034),('2020-04-14',1.29322,0.127055,2.24866),('2020-04-15',1.24447,0.122461,2.22767),('2020-04-16',1.19905,0.11998,2.28018),('2020-04-17',1.15058,0.116576,2.2944),('2020-04-18',1.08188,0.111718,2.27339),('2020-04-19',1.0256,0.106582,2.25437),('2020-04-20',0.938037,0.0943935,2.2079),('2020-04-21',1.00449,0.0997015,2.26811),('2020-04-22',1.00963,0.0950513,2.25902),('2020-04-23',0.988259,0.0823076,2.22302),('2020-04-24',0.937937,0.0749555,2.17905),('2020-04-25',0.895547,0.0695375,2.1478),('2020-04-26',0.873647,0.0631364,2.13089),('2020-04-27',0.859424,0.0557523,2.11697),('2020-04-28',0.826432,0.0473852,2.09282),('2020-04-29',0.830513,0.0449858,2.09857),('2020-04-30',0.832542,0.0434497,2.09965),('2020-05-02',0.812556,0.0339552,2.07767),('2020-05-03',0.810636,0.0322021,2.07733),('2020-05-04',0.823996,0.0340567,2.08879),('2020-05-05',0.827935,0.0248948,2.08642),('2020-05-06',0.867004,0.0323126,2.11549),('2020-05-07',0.869663,0.0349752,2.11496),('2020-05-08',0.868466,0.0366117,2.11288),('2020-05-09',0.882735,0.0391669,2.11836),('2020-05-10',0.873532,0.0391114,2.10773),('2020-05-11',0.911229,0.0600843,2.1422),('2020-05-12',0.903531,0.0620854,2.13121),('2020-05-13',0.934932,0.0687384,2.15407),('2020-05-14',0.931397,0.0638071,2.13984),('2020-05-15',0.923256,0.0530653,2.11913),('2020-05-16',0.906765,0.0530338,2.09978),('2020-05-17',0.900128,0.055985,2.09175),('2020-05-18',0.91082,0.0645942,2.09902),('2020-05-19',0.90428,0.0699681,2.09016),('2020-05-20',0.901036,0.077387,2.08714),('2020-05-21',0.890307,0.0759292,2.07433),('2020-05-22',0.904906,0.0698451,2.08356),('2020-05-23',0.914688,0.0603808,2.08422),('2020-05-24',0.929636,0.0515162,2.0893),('2020-05-25',0.929184,0.0499015,2.08351),('2020-05-26',0.940123,0.05718,2.09038),('2020-05-27',0.995659,0.0897667,2.13542),('2020-05-28',1.01526,0.11275,2.14516),('2020-05-29',0.979311,0.0824121,2.09907),('2020-05-30',0.983817,0.0885572,2.09854),('2020-05-31',1.01494,0.124466,2.12261),('2020-06-01',1.04091,0.140445,2.13822),('2020-06-02',1.08502,0.178744,2.17108),('2020-06-03',1.13755,0.225984,2.21108),('2020-06-04',1.16597,0.247457,2.22245),('2020-06-05',1.16626,0.261655,2.20827),('2020-06-06',1.21794,0.298207,2.24351),('2020-06-07',1.21786,0.312512,2.22916),('2020-06-08',1.2576,0.363303,2.25777),('2020-06-09',1.29436,0.397363,2.27584),('2020-06-10',1.33626,0.446362,2.30366),('2020-06-11',1.40327,0.497867,2.35167),('2020-06-12',1.39252,0.51544,2.32139),('2020-06-13',1.413,0.551535,2.32533),('2020-06-14',1.42961,0.567138,2.32289),('2020-06-15',1.44781,0.58563,2.31969),('2020-06-16',1.47768,0.622035,2.32832),('2020-06-17',1.48542,0.645188,2.31516),('2020-06-18',1.51728,0.675703,2.32426),('2020-06-19',1.4926,0.675842,2.28123),('2020-06-20',1.5242,0.707367,2.29329),('2020-06-21',1.54571,0.730694,2.29207),('2020-06-22',1.52967,0.715156,2.25422),('2020-06-23',1.52299,0.729844,2.22953),('2020-06-24',1.53543,0.747492,2.22034),('2020-06-25',1.59221,0.787499,2.25841),('2020-06-26',1.56069,0.784394,2.20697),('2020-06-27',1.49935,0.75053,2.12886),('2020-06-28',1.47059,0.749491,2.08596),('2020-06-29',1.43243,0.734286,2.03551),('2020-06-30',1.39758,0.724943,1.99011),('2020-07-01',1.3995,0.73528,1.98047),('2020-07-02',1.36037,0.720812,1.93094),('2020-07-03',1.30758,0.708112,1.87159),('2020-07-04',1.2999,0.711185,1.86091),('2020-07-05',1.29737,0.719531,1.85479),('2020-07-06',1.28259,0.71488,1.83453),('2020-07-07',1.22613,0.667922,1.77372),('2020-07-08',1.22512,0.661173,1.76976),('2020-07-09',1.16227,0.609834,1.7016),('2020-07-10',1.13559,0.591322,1.67083),('2020-07-11',1.10129,0.562647,1.63616),('2020-07-12',1.09704,0.562165,1.63259),('2020-07-13',1.12217,0.576045,1.65586),('2020-07-14',1.13697,0.594897,1.67093),('2020-07-15',1.15716,0.607849,1.69395),('2020-07-16',1.09682,0.560566,1.62869),('2020-07-17',1.08041,0.551326,1.61117),('2020-07-18',1.0712,0.543302,1.60211),('2020-07-19',1.08953,0.57098,1.6187),('2020-07-20',1.12453,0.602803,1.65017),('2020-07-21',1.11803,0.604811,1.64195),('2020-07-22',1.12889,0.624908,1.65113),('2020-07-23',1.11566,0.620108,1.63541),('2020-07-24',1.08844,0.601049,1.60596),('2020-07-25',1.09177,0.607608,1.60993),('2020-07-26',1.11971,0.625421,1.63631),('2020-07-27',1.10548,0.619154,1.62),('2020-07-28',1.10516,0.624179,1.61758),('2020-07-29',1.10605,0.614784,1.61575),('2020-07-30',1.08736,0.603255,1.59725),('2020-07-31',1.06625,0.585997,1.57674),('2020-08-01',1.01181,0.54994,1.52327),('2020-08-02',1.00269,0.545181,1.51853),('2020-08-03',0.980089,0.524395,1.49991),('2020-08-04',0.97255,0.517924,1.49526),('2020-08-05',0.996493,0.521581,1.51957),('2020-08-06',0.940203,0.46791,1.46389),('2020-08-07',0.941436,0.458346,1.47024),('2020-08-08',0.899002,0.429131,1.43306),('2020-08-09',0.901888,0.429301,1.44304),('2020-08-10',0.866785,0.394613,1.41285),('2020-08-11',0.831803,0.357196,1.38391),('2020-08-12',0.881192,0.382322,1.43669),('2020-08-13',0.859255,0.360747,1.41953),('2020-08-14',0.84361,0.341159,1.41019),('2020-08-15',0.82067,0.313605,1.3919),('2020-08-16',0.816208,0.302801,1.39408),('2020-08-17',0.830197,0.317115,1.41329),('2020-08-18',0.801638,0.287477,1.39036),('2020-08-19',0.833468,0.302606,1.42821),('2020-08-20',0.843266,0.309027,1.444),('2020-08-21',0.80807,0.287506,1.41661),('2020-08-22',0.828872,0.289479,1.44401),('2020-08-23',0.821712,0.280879,1.44253),('2020-08-24',0.814186,0.271339,1.44083),('2020-08-25',0.80257,0.256154,1.43589),('2020-08-26',0.8173,0.244175,1.45692),('2020-08-27',0.843393,0.268025,1.48687),('2020-08-28',0.807708,0.247427,1.45284),('2020-08-29',0.849265,0.2782,1.50105),('2020-08-30',0.797672,0.226261,1.45423),('2020-08-31',0.812342,0.235161,1.47484),('2020-09-01',0.79757,0.213069,1.46577),('2020-09-02',0.811195,0.219672,1.48564),('2020-09-03',0.789557,0.200361,1.46781),('2020-09-04',0.793975,0.204549,1.47178),('2020-09-05',0.87094,0.270159,1.55587),('2020-09-06',0.881419,0.278955,1.56799),('2020-09-07',0.869158,0.278619,1.55706),('2020-09-08',0.891202,0.30268,1.58165),('2020-09-09',0.90376,0.309891,1.59612),('2020-09-10',0.890569,0.307158,1.58444),('2020-09-11',0.90763,0.313016,1.6031),('2020-09-12',0.911962,0.318076,1.60925),('2020-09-13',0.87914,0.289724,1.57737),('2020-09-14',0.878358,0.291002,1.57973),('2020-09-15',0.875441,0.291074,1.57898),('2020-09-16',0.892499,0.299373,1.59955),('2020-09-17',0.918751,0.318385,1.62898),('2020-09-18',0.892001,0.311829,1.60537),('2020-09-19',0.916675,0.32215,1.63254),('2020-09-20',0.884642,0.307259,1.60081),('2020-09-21',0.869017,0.294728,1.58663),('2020-09-22',0.842926,0.269096,1.5641),('2020-09-23',0.841823,0.265979,1.56623),('2020-09-24',0.835491,0.254388,1.56418),('2020-09-25',0.790238,0.224424,1.52601),('2020-09-26',0.840336,0.266321,1.58243),('2020-09-27',0.837254,0.269529,1.58285),('2020-09-28',0.84951,0.275386,1.59749),('2020-09-29',0.877373,0.286016,1.62542),('2020-09-30',0.92516,0.3139,1.67521),('2020-10-01',0.931078,0.316543,1.68029),('2020-10-02',0.897743,0.299551,1.64967),('2020-10-03',0.948592,0.326229,1.69981),('2020-10-04',0.964505,0.337342,1.714),('2020-10-05',0.958295,0.346597,1.70897),('2020-10-06',0.945024,0.337637,1.69505),('2020-10-07',0.902603,0.289273,1.65466),('2020-10-08',0.957733,0.335008,1.71234),('2020-10-09',0.938503,0.323999,1.69356),('2020-10-10',0.986765,0.349555,1.74217),('2020-10-11',1.0222,0.373761,1.77605),('2020-10-12',0.999161,0.368982,1.74945),('2020-10-13',0.990715,0.359311,1.73842),('2020-10-14',1.0233,0.382865,1.77084),('2020-10-15',0.968349,0.320848,1.71151),('2020-10-16',0.954665,0.323859,1.69655),('2020-10-17',1.00813,0.355844,1.74777),('2020-10-18',1.04298,0.382146,1.78159),('2020-10-19',1.05323,0.39697,1.78793),('2020-10-20',1.12856,0.46451,1.85898),('2020-10-21',1.14417,0.48172,1.86771),('2020-10-22',1.21723,0.543006,1.93303),('2020-10-23',1.19745,0.544512,1.90569),('2020-10-24',1.25645,0.588613,1.95631),('2020-10-25',1.22054,0.575645,1.91318),('2020-10-26',1.19349,0.563766,1.87868),('2020-10-27',1.17072,0.551444,1.84953),('2020-10-28',1.20852,0.579185,1.88233),('2020-10-29',1.18535,0.55731,1.85364),('2020-10-30',1.17884,0.573256,1.84292),('2020-10-31',1.21194,0.600718,1.87217),('2020-11-01',1.19187,0.60095,1.84553),('2020-11-02',1.1826,0.599122,1.83059),('2020-11-03',1.22306,0.639973,1.86743),('2020-11-04',1.25406,0.653632,1.89252),('2020-11-05',1.20182,0.621704,1.83347),('2020-11-06',1.16854,0.604322,1.79559),('2020-11-07',1.12515,0.575069,1.7488),('2020-11-08',1.12051,0.573888,1.74217),('2020-11-09',1.09432,0.568831,1.71428),('2020-11-10',1.09376,0.568123,1.71295),('2020-11-11',1.11378,0.586642,1.735),('2020-11-12',1.11729,0.589708,1.73697),('2020-11-13',1.1263,0.595435,1.74536),('2020-11-14',1.13318,0.599526,1.74921),('2020-11-15',1.13728,0.599913,1.75032),('2020-11-16',1.13551,0.594644,1.74529),('2020-11-17',1.15706,0.608855,1.76408),('2020-11-18',1.17608,0.620606,1.78034),('2020-11-19',1.15398,0.605168,1.75378),('2020-11-20',1.13225,0.591969,1.72838),('2020-11-21',1.16499,0.609006,1.75921),('2020-11-22',1.16587,0.604989,1.75681),('2020-11-23',1.14753,0.597155,1.73905),('2020-11-24',1.13124,0.579019,1.72054),('2020-11-25',1.13316,0.562142,1.72192),('2020-11-26',1.12695,0.550522,1.7124),('2020-11-27',1.15763,0.579296,1.73945),('2020-11-28',1.15751,0.572588,1.73644),('2020-11-29',1.15157,0.563635,1.72632),('2020-11-30',1.13142,0.55408,1.70276),('2020-12-01',1.07125,0.500428,1.6376),('2020-12-02',1.08333,0.507053,1.64969),('2020-12-03',1.03817,0.456196,1.6034),('2020-12-04',1.03279,0.449901,1.59585),('2020-12-05',1.13915,0.541955,1.7004),('2020-12-06',1.18981,0.575924,1.74754),('2020-12-07',1.18829,0.581453,1.74482),('2020-12-08',1.09368,0.502604,1.64179),('2020-12-09',1.09404,0.511273,1.63941),('2020-12-10',1.03994,0.466947,1.58112),('2020-12-11',1.0335,0.461539,1.57424),('2020-12-12',1.03404,0.471291,1.57523),('2020-12-13',1.03274,0.472317,1.57319),('2020-12-14',0.973081,0.431898,1.51509),('2020-12-15',1.00385,0.462996,1.54716),('2020-12-16',1.06094,0.50752,1.60616),('2020-12-17',1.09898,0.55027,1.64312),('2020-12-18',1.05775,0.528305,1.59891),('2020-12-19',1.10276,0.579655,1.64287),('2020-12-20',1.11969,0.602267,1.65947),('2020-12-21',1.10744,0.60244,1.64315),('2020-12-22',1.13999,0.623365,1.67238),('2020-12-23',1.14829,0.637945,1.67963),('2020-12-24',1.14489,0.640116,1.67476),('2020-12-25',1.09849,0.621383,1.62505),('2020-12-26',1.091,0.619018,1.61914),('2020-12-27',1.12408,0.646165,1.65286),('2020-12-28',1.15921,0.685024,1.6886),('2020-12-29',1.11988,0.652699,1.64748),('2020-12-30',1.14353,0.66525,1.66974),('2020-12-31',1.14044,0.668955,1.66669),('2021-01-01',1.14192,0.66551,1.6674),('2021-01-02',1.16297,0.687076,1.68999),('2021-01-03',1.14782,0.675893,1.67324),('2021-01-04',1.15639,0.685827,1.68222),('2021-01-05',1.14172,0.680749,1.6659),('2021-01-06',1.16719,0.695137,1.6894),('2021-01-07',1.10869,0.647968,1.6296),('2021-01-08',1.10991,0.643686,1.63055),('2021-01-09',1.11843,0.647071,1.64198),('2021-01-10',1.07896,0.617213,1.60237),('2021-01-11',1.02512,0.578219,1.55063),('2021-01-12',1.04851,0.593578,1.57704),('2021-01-13',0.981453,0.534709,1.51085),('2021-01-14',0.990416,0.532321,1.52381),('2021-01-15',0.946168,0.510029,1.48039),('2021-01-16',0.931177,0.495319,1.47205),('2021-01-17',0.883945,0.449933,1.43062),('2021-01-18',0.853864,0.424192,1.40509),('2021-01-19',0.885497,0.437601,1.44145),('2021-01-20',0.823513,0.383714,1.38304),('2021-01-21',0.813013,0.370249,1.37979),('2021-01-22',0.80276,0.355133,1.37558),('2021-01-23',0.881911,0.424682,1.46137),('2021-01-24',0.830861,0.368775,1.41362),('2021-01-25',0.762218,0.302683,1.35184),('2021-01-26',0.760393,0.30858,1.35649),('2021-01-27',0.708452,0.267742,1.30764),('2021-01-28',0.805148,0.356822,1.41236),('2021-01-29',0.79949,0.345676,1.41024),('2021-01-30',0.893499,0.418684,1.51059),('2021-01-31',0.905019,0.428278,1.52306),('2021-02-01',0.922363,0.446602,1.54025),('2021-02-02',0.93038,0.449207,1.55027),('2021-02-03',1.00755,0.519484,1.62751),('2021-02-04',1.04541,0.551276,1.6639),('2021-02-05',1.05815,0.575155,1.67261),('2021-02-06',1.0883,0.602542,1.69977),('2021-02-07',1.12706,0.6346,1.73633),('2021-02-08',1.16601,0.665882,1.77148),('2021-02-09',1.18632,0.679676,1.78521),('2021-02-10',1.21949,0.70353,1.81377),('2021-02-11',1.20406,0.697627,1.79588),('2021-02-12',1.21478,0.701675,1.80251),('2021-02-13',1.23565,0.713938,1.81805),('2021-02-14',1.25473,0.721039,1.83157),('2021-02-15',1.29517,0.750484,1.86645),('2021-02-16',1.31076,0.767667,1.87538),('2021-02-17',1.31632,0.767843,1.87287),('2021-02-18',1.36305,0.804608,1.91323),('2021-02-19',1.33376,0.784088,1.87818),('2021-02-20',1.38454,0.819608,1.92183),('2021-02-21',1.32083,0.76419,1.8508),('2021-02-22',1.34915,0.794129,1.87189),('2021-02-23',1.37943,0.815956,1.89307),('2021-02-24',1.36505,0.80851,1.86906),('2021-02-25',1.42966,0.858899,1.61696),('2021-02-26',1.36263,0.815939,1.60617),('2021-02-27',1.41356,0.868101,1.71145),('2021-02-28',1.36744,0.839939,1.71697),('2021-03-01',1.3305,0.82122,1.7288),('2021-03-02',1.37025,0.855701,1.81702),('2021-03-03',1.41021,0.887548,1.90233),('2021-03-04',1.31526,0.813208,1.84894),('2021-03-05',1.32954,0.833199,1.90434),('2021-03-06',1.32808,0.84603,1.94081),('2021-03-07',1.3235,0.85025,1.97113),('2021-03-08',1.29166,0.832007,1.97162),('2021-03-09',1.31566,0.862283,2.02684),('2021-03-10',1.3045,0.857927,2.04369),('2021-03-11',1.23352,0.809358,2.00057),('2021-03-12',1.23357,0.813965,2.02726),('2021-03-13',1.27326,0.847101,2.0893),('2021-03-14',1.18387,0.765574,2.02021),('2021-03-15',1.12316,0.714654,1.97861),('2021-03-16',1.17718,0.771952,2.04969),('2021-03-17',1.25938,0.849425,1.83363),('2021-03-18',1.21997,0.821097,1.86559),('2021-03-19',1.24902,0.858124,1.96324),('2021-03-20',1.2414,0.858648,2.01815),('2021-03-21',1.20655,0.829461,2.0415),('2021-03-22',1.14032,0.784436,2.02736),('2021-03-23',1.20482,0.843117,2.14115),('2021-03-24',1.22477,0.859873,2.2051),('2021-03-25',1.22495,0.870615,2.24226),('2021-03-26',1.25128,0.89477,1.99114),('2021-03-27',1.26181,0.914513,2.0944),('2021-03-28',1.2168,0.880291,2.13258),('2021-03-29',1.21529,0.885449,2.20888),('2021-03-30',1.23372,0.910307,2.29669),('2021-03-31',1.23349,0.916607,2.35723),('2021-04-01',1.1828,0.870236,2.3586),('2021-04-02',1.1743,0.864422,2.39609),('2021-04-03',1.20427,0.882904,2.46511),('2021-04-04',1.1842,0.86772,2.47348),('2021-04-05',1.14525,0.830117,2.45637),('2021-04-06',1.14237,0.828759,2.47005),('2021-04-07',1.17422,0.848994,2.50785),('2021-04-08',1.10741,0.782658,2.44067),('2021-04-09',1.10475,0.777365,2.4309),('2021-04-10',1.14342,0.799717,2.45495),('2021-04-11',1.1618,0.818306,2.44737),('2021-04-12',1.09082,0.755109,2.34486),('2021-04-13',1.17188,0.83325,2.38678),('2021-04-14',1.16584,0.825901,2.33107),('2021-04-15',1.10447,0.773745,2.21265),('2021-04-16',1.08155,0.746291,2.1279),('2021-04-17',1.0636,0.735952,2.41731),('2021-04-18',1.07433,0.742131,2.42059),('2021-04-19',1.07602,0.739247,2.40994),('2021-04-20',1.11118,0.767903,2.42594),('2021-04-21',1.1438,0.78638,2.43241),('2021-04-22',1.08997,0.737136,2.34791),('2021-04-23',1.06093,0.715788,2.2835),('2021-04-24',1.13435,0.775962,2.31604),('2021-04-25',1.13845,0.779405,2.2722),('2021-04-26',1.09582,0.742123,2.17765),('2021-04-27',1.0903,0.727308,2.11653),('2021-04-28',1.09721,0.717123,2.06145),('2021-04-29',1.06091,0.681026,1.95751),('2021-04-30',1.02994,0.647184,1.85467),('2021-05-01',1.05754,0.658591,1.80391),('2021-05-02',1.05295,0.649248,1.71808),('2021-05-03',0.97344,0.582075,1.55108),('2021-05-04',1.0253,0.631061,1.51028),('2021-05-05',1.0548,0.658849,1.44152),('2021-05-06',0.997004,0.599737,1.27998),('2021-05-07',0.954295,0.565358,1.50606),('2021-05-08',0.987026,0.580164,1.49305),('2021-05-09',0.977937,0.568691,1.43768),('2021-05-10',0.905255,0.493336,1.3174),('2021-05-11',0.961561,0.545259,1.32426),('2021-05-12',1.03032,0.597129,1.33727),('2021-05-13',1.01746,0.590437,1.26846),('2021-05-14',0.962936,0.551553,1.15164),('2021-05-15',1.00338,0.590694,1.13149),('2021-05-16',0.917752,0.520016,1.3571),('2021-05-17',0.898993,0.504354,1.34043),('2021-05-18',0.94175,0.546184,1.38707),('2021-05-19',0.924044,0.530713,1.3701),('2021-05-20',0.901709,0.507642,1.34887),('2021-05-21',0.87223,0.475429,1.32183),('2021-05-22',0.934549,0.519561,1.38725),('2021-05-23',0.894629,0.47864,1.34913),('2021-05-24',0.849352,0.445262,1.30574),('2021-05-25',0.863565,0.455463,1.32467),('2021-05-26',0.882373,0.471525,1.3477),('2021-05-27',0.857059,0.44073,1.32557),('2021-05-28',0.848969,0.43895,1.32277),('2021-05-29',0.908288,0.493372,1.38517),('2021-05-30',0.925826,0.507175,1.40521),('2021-05-31',0.917812,0.508525,1.39863),('2021-06-01',0.936015,0.522231,1.41951),('2021-06-02',1.00348,0.575546,1.48797),('2021-06-03',0.956792,0.526788,1.44099),('2021-06-04',0.925795,0.491049,1.4123),('2021-06-05',0.99802,0.545551,1.48846),('2021-06-06',1.05798,0.601562,1.55054),('2021-06-07',1.03478,0.579971,1.52405),('2021-06-08',1.10676,0.635508,1.59629),('2021-06-09',1.12665,0.650781,1.61443),('2021-06-10',1.14637,0.660808,1.63004),('2021-06-11',1.10211,0.630309,1.58115),('2021-06-12',1.12651,0.656335,1.60206),('2021-06-13',1.09757,0.630759,1.56894),('2021-06-14',1.10131,0.63736,1.57066),('2021-06-15',1.10535,0.643379,1.57215),('2021-06-16',1.14362,0.670571,1.60631),('2021-06-17',1.10269,0.640507,1.5617),('2021-06-18',1.06376,0.619126,1.52124),('2021-06-19',1.07719,0.632283,1.5337),('2021-06-20',1.07646,0.63203,1.53224),('2021-06-21',1.06823,0.632436,1.52615),('2021-06-22',1.07205,0.626077,1.53023),('2021-06-23',1.10548,0.650551,1.56517),('2021-06-24',1.09947,0.645403,1.55931),('2021-06-25',1.09298,0.628709,1.5489),('2021-06-26',1.10026,0.645126,1.55159),('2021-06-27',1.06509,0.618771,1.51336),('2021-06-28',1.02006,0.596377,1.47034),('2021-06-29',0.973555,0.55679,1.42413),('2021-06-30',1.03426,0.609579,1.48558),('2021-07-01',1.00708,0.589517,1.45788),('2021-07-02',0.981719,0.571022,1.43449),('2021-07-03',0.92192,0.526025,1.37455),('2021-07-04',0.900007,0.507821,1.35717),('2021-07-05',0.888663,0.486156,1.34739),('2021-07-06',0.926771,0.528346,1.3907),('2021-07-07',0.92358,0.525687,1.39285),('2021-07-08',0.861921,0.467987,1.33509),('2021-07-09',0.857616,0.461856,1.33932),('2021-07-10',0.86696,0.457258,1.35452),('2021-07-11',0.870044,0.457301,1.36334),('2021-07-12',0.816633,0.420743,1.31596),('2021-07-13',0.854567,0.442484,1.36041),('2021-07-14',0.86553,0.450055,1.37762),('2021-07-15',0.817294,0.402389,1.3358),('2021-07-16',0.818175,0.400043,1.34539),('2021-07-17',0.86951,0.435745,1.40373),('2021-07-18',0.862347,0.425205,1.40298),('2021-07-19',0.871424,0.421754,1.41935),('2021-07-20',0.881342,0.41211,1.43572),('2021-07-21',0.859781,0.386809,1.4182),('2021-07-22',0.858466,0.368613,1.42391),('2021-07-23',0.811173,0.32963,1.38349),('2021-07-24',0.864888,0.361213,1.44462),('2021-07-25',0.893334,0.386766,1.47896),('2021-07-26',0.844976,0.350873,1.43442),('2021-07-27',0.819236,0.324326,1.41337),('2021-07-28',0.867596,0.345215,1.46805),('2021-07-29',0.837419,0.325526,1.44131),('2021-07-30',0.802227,0.296669,1.41011),('2021-07-31',0.779066,0.27587,1.3947),('2021-08-01',0.780758,0.275231,1.40424),('2021-08-02',0.780407,0.269431,1.41249),('2021-08-03',0.810746,0.291124,1.45221),('2021-08-04',0.7941,0.275021,1.4425),('2021-08-05',0.810708,0.279095,1.46589),('2021-08-06',0.804409,0.262841,1.46545),('2021-08-07',0.836365,0.279911,1.50279),('2021-08-08',0.805088,0.243683,1.47625),('2021-08-09',0.824248,0.254437,1.50242),('2021-08-10',0.855081,0.272271,1.54033),('2021-08-11',0.870441,0.270045,1.55779),('2021-08-12',0.842782,0.255749,1.53028),('2021-08-13',0.82127,0.244057,1.50939),('2021-08-14',0.82773,0.235712,1.51508),('2021-08-15',0.773912,0.201059,1.46315),('2021-08-16',0.768066,0.192575,1.46334),('2021-08-17',0.787756,0.206093,1.4884),('2021-08-18',0.81644,0.209197,1.51905),('2021-08-19',0.828577,0.217555,1.53394),('2021-08-20',0.817728,0.212922,1.52733),('2021-08-21',0.833049,0.217913,1.54669),('2021-08-22',0.793764,0.186445,1.51006),('2021-08-23',0.814716,0.198697,1.53651),('2021-08-24',0.845914,0.220969,1.57219),('2021-08-25',0.836195,0.219977,1.56798),('2021-08-26',0.825952,0.200487,1.55993),('2021-08-27',0.840382,0.206278,1.57865),('2021-08-28',0.894526,0.249445,1.63526),('2021-08-29',0.870332,0.213906,1.60886),('2021-08-30',0.870284,0.2142,1.61032),('2021-08-31',0.883915,0.217108,1.62404),('2021-09-01',0.924297,0.2428,1.66635),('2021-09-02',0.923016,0.244989,1.6649),('2021-09-03',0.951111,0.261297,1.69421),('2021-09-04',1.03598,0.317571,1.77785),('2021-09-05',1.0697,0.340564,1.80708),('2021-09-06',1.0924,0.354682,1.82637),('2021-09-07',1.10431,0.365355,1.83185),('2021-09-08',1.11263,0.374349,1.83492),('2021-09-09',1.07909,0.359753,1.79502),('2021-09-10',1.08708,0.369617,1.80134),('2021-09-11',1.09293,0.374601,1.802),('2021-09-12',1.10055,0.383248,1.80555),('2021-09-13',1.06243,0.36819,1.76427),('2021-09-14',1.07583,0.374163,1.77497),('2021-09-15',1.11203,0.395791,1.81013),('2021-09-16',1.05807,0.348369,1.75189),('2021-09-17',1.02573,0.342796,1.71876),('2021-09-18',1.03533,0.357242,1.73085),('2021-09-19',1.02036,0.345119,1.71428),('2021-09-20',1.01869,0.35476,1.7126),('2021-09-21',1.02665,0.364294,1.71956),('2021-09-22',1.0505,0.380489,1.74189),('2021-09-23',1.06141,0.388052,1.74837),('2021-09-24',1.03977,0.37247,1.72237),('2021-09-25',1.04087,0.376441,1.72166),('2021-09-26',1.01729,0.370947,1.69695),('2021-09-27',0.977867,0.343011,1.65655),('2021-09-28',1.02817,0.393993,1.70849),('2021-09-29',1.03703,0.404455,1.71698),('2021-09-30',1.02188,0.393534,1.69667),('2021-10-01',1.0061,0.392747,1.68095),('2021-10-02',1.02534,0.401291,1.69894),('2021-10-03',1.03937,0.403054,1.71108),('2021-10-04',1.01059,0.393464,1.68145),('2021-10-05',1.04152,0.410166,1.71285),('2021-10-06',1.06159,0.4143,1.7353),('2021-10-07',1.06639,0.413266,1.74233),('2021-10-08',1.00084,0.384188,1.6709),('2021-10-09',0.998023,0.384562,1.66944),('2021-10-10',0.981679,0.372682,1.65162),('2021-10-11',0.972668,0.356333,1.64203),('2021-10-12',0.983188,0.360292,1.65205),('2021-10-13',0.993019,0.363803,1.66152),('2021-10-14',1.0018,0.366681,1.67007),('2021-10-15',1.00916,0.368739,1.67737),('2021-10-16',1.01474,0.369789,1.68306),('2021-10-17',1.01818,0.369644,1.68681),('2021-10-18',1.0191,0.368118,1.68826),('2021-10-19',1.01716,0.365022,1.68708),('2021-10-20',1.01197,0.360171,1.6829),('2021-10-21',1.00318,0.353377,1.67538),('2021-10-22',0.990418,0.344452,1.66419),('2021-10-23',0.973326,0.333211,1.64896),('2021-10-24',0.951538,0.319465,1.62936),('2021-10-25',0.924688,0.303028,1.60503),('2021-10-26',0.892412,0.283712,1.57563),('2021-10-27',0.854346,0.261331,1.54082),('2021-10-28',0.810125,0.235698,1.50024),('2021-10-29',0.759385,0.206625,1.45356),('2021-10-30',0.701761,0.173925,1.40041),('2021-10-31',0.636889,0.137412,1.34046),('2021-11-01',0.564404,0.0968976,1.27336),('2021-11-02',0.483942,0.0521955,1.19876),('2021-11-03',0.395139,0.00311844,1.11632),('2021-11-04',0.297629,0,1.02568),('2021-11-05',0.191049,0,0.926506);
/*!40000 ALTER TABLE `r_efectivo` ENABLE KEYS */;
UNLOCK TABLES;

--
-- Table structure for table `recuperados`
--

DROP TABLE IF EXISTS `recuperados`;
/*!40101 SET @saved_cs_client     = @@character_set_client */;
/*!40101 SET character_set_client = utf8 */;
CREATE TABLE `recuperados` (
  `dia` varchar(255) DEFAULT NULL,
  `registros` int(11) DEFAULT NULL,
  `casos` int(11) DEFAULT NULL
) ENGINE=MyISAM DEFAULT CHARSET=latin1;
/*!40101 SET character_set_client = @saved_cs_client */;

--
-- Dumping data for table `recuperados`
--

LOCK TABLES `recuperados` WRITE;
/*!40000 ALTER TABLE `recuperados` DISABLE KEYS */;
INSERT INTO `recuperados` VALUES ('2020-04-05',1,1),('2020-04-06',1,2),('2020-04-07',1,3),('2020-04-08',2,5),('2020-04-10',1,6),('2020-04-11',1,7),('2020-04-13',1,8),('2020-04-15',1,9),('2020-04-16',3,12),('2020-04-17',4,16),('2020-04-18',5,21),('2020-04-20',1,22),('2020-04-21',1,23),('2020-04-23',4,27),('2020-04-24',1,28),('2020-04-26',1,29),('2020-04-28',1,30),('2020-04-29',1,31),('2020-04-30',4,35),('2020-05-01',3,38),('2020-05-02',11,49),('2020-05-03',1,50),('2020-05-04',4,54),('2020-05-05',5,59),('2020-05-06',4,63),('2020-05-07',5,68),('2020-05-08',2,70),('2020-05-09',4,74),('2020-05-10',2,76),('2020-05-11',6,82),('2020-05-13',4,86),('2020-05-14',8,94),('2020-05-15',2,96),('2020-05-16',6,102),('2020-05-17',4,106),('2020-05-19',1,107),('2020-05-20',4,111),('2020-05-21',2,113),('2020-05-22',3,116),('2020-05-24',3,119),('2020-05-25',9,128),('2020-05-26',5,133),('2020-05-27',1,134),('2020-05-28',9,143),('2020-05-29',3,146),('2020-05-30',2,148),('2020-05-31',37,185),('2020-06-01',3,188),('2020-06-02',14,202),('2020-06-03',4,206),('2020-06-04',4,210),('2020-06-05',15,225),('2020-06-06',8,233),('2020-06-07',6,239),('2020-06-08',7,246),('2020-06-09',4,250),('2020-06-10',11,261),('2020-06-11',6,267),('2020-06-12',8,275),('2020-06-13',6,281),('2020-06-14',3,284),('2020-06-15',5,289),('2020-06-16',8,297),('2020-06-17',14,311),('2020-06-18',2,313),('2020-06-19',10,323),('2020-06-20',8,331),('2020-06-21',9,340),('2020-06-22',13,353),('2020-06-23',13,366),('2020-06-24',14,380),('2020-06-25',9,389),('2020-06-26',10,399),('2020-06-27',8,407),('2020-06-28',14,421),('2020-06-29',11,432),('2020-06-30',18,450),('2020-07-01',17,467),('2020-07-02',11,478),('2020-07-03',6,484),('2020-07-04',8,492),('2020-07-05',5,497),('2020-07-06',17,514),('2020-07-07',21,535),('2020-07-08',19,554),('2020-07-09',18,572),('2020-07-10',21,593),('2020-07-11',21,614),('2020-07-12',15,629),('2020-07-13',29,658),('2020-07-14',28,686),('2020-07-15',32,718),('2020-07-16',65,783),('2020-07-17',38,821),('2020-07-18',51,872),('2020-07-19',88,960),('2020-07-20',64,1024),('2020-07-21',39,1063),('2020-07-22',42,1105),('2020-07-23',89,1194),('2020-07-24',46,1240),('2020-07-25',137,1377),('2020-07-26',111,1488),('2020-07-27',87,1575),('2020-07-28',162,1737),('2020-07-29',126,1863),('2020-07-30',60,1923),('2020-07-31',99,2022),('2020-08-01',134,2156),('2020-08-02',97,2253),('2020-08-03',35,2288),('2020-08-04',70,2358),('2020-08-05',73,2431),('2020-08-06',228,2659),('2020-08-07',86,2745),('2020-08-08',106,2851),('2020-08-09',109,2960),('2020-08-10',158,3118),('2020-08-11',43,3161),('2020-08-12',78,3239),('2020-08-13',94,3333),('2020-08-14',187,3520),('2020-08-15',275,3795),('2020-08-16',219,4014),('2020-08-17',157,4171),('2020-08-18',99,4270),('2020-08-19',226,4496),('2020-08-20',212,4708),('2020-08-21',151,4859),('2020-08-22',122,4981),('2020-08-23',172,5153),('2020-08-24',140,5293),('2020-08-25',243,5536),('2020-08-26',145,5681),('2020-08-27',75,5756),('2020-08-28',136,5892),('2020-08-29',184,6076),('2020-08-30',137,6213),('2020-08-31',73,6286),('2020-09-01',139,6425),('2020-09-02',74,6499),('2020-09-03',137,6636),('2020-09-04',72,6708),('2020-09-05',90,6798),('2020-09-06',145,6943),('2020-09-07',115,7058),('2020-09-08',81,7139),('2020-09-09',52,7191),('2020-09-10',153,7344),('2020-09-11',82,7426),('2020-09-12',46,7472),('2020-09-13',35,7507),('2020-09-14',67,7574),('2020-09-15',9,7583),('2020-09-16',19,7602),('2020-09-17',15,7617),('2020-09-18',48,7665),('2020-09-19',59,7724),('2020-09-20',35,7759),('2020-09-21',77,7836),('2020-09-22',42,7878),('2020-09-23',87,7965),('2020-09-24',108,8073),('2020-09-25',106,8179),('2020-09-26',76,8255),('2020-09-27',63,8318),('2020-09-28',60,8378),('2020-09-29',87,8465),('2020-09-30',111,8576),('2020-10-01',36,8612),('2020-10-02',17,8629),('2020-10-03',37,8666),('2020-10-04',25,8691),('2020-10-05',1,8692),('2020-10-06',6,8698),('2020-10-07',3,8701),('2020-10-08',14,8715),('2020-10-09',7,8722),('2020-10-10',7,8729),('2020-10-11',40,8769),('2020-10-12',56,8825),('2020-10-13',94,8919),('2020-10-14',73,8992),('2020-10-15',94,9086),('2020-10-16',33,9119),('2020-10-17',48,9167),('2020-10-18',50,9217),('2020-10-19',45,9262),('2020-10-20',43,9305),('2020-10-21',31,9336),('2020-10-22',40,9376),('2020-10-23',77,9453),('2020-10-24',23,9476),('2020-10-25',16,9492),('2020-10-26',33,9525),('2020-10-27',58,9583),('2020-10-28',32,9615),('2020-10-29',27,9642),('2020-10-30',28,9670),('2020-10-31',43,9713),('2020-11-01',71,9784),('2020-11-02',57,9841),('2020-11-03',42,9883),('2020-11-04',88,9971),('2020-11-05',53,10024),('2020-11-06',45,10069),('2020-11-07',45,10114),('2020-11-08',47,10161),('2020-11-09',66,10227),('2020-11-10',43,10270),('2020-11-11',107,10377),('2020-11-12',55,10432),('2020-11-13',22,10454),('2020-11-14',82,10536),('2020-11-15',82,10618),('2020-11-16',122,10740),('2020-11-17',78,10818),('2020-11-18',52,10870),('2020-11-19',35,10905),('2020-11-20',52,10957),('2020-11-21',56,11013),('2020-11-22',82,11095),('2020-11-23',76,11171),('2020-11-24',105,11276),('2020-11-25',54,11330),('2020-11-26',55,11385),('2020-11-27',54,11439),('2020-11-28',105,11544),('2020-11-29',138,11682),('2020-11-30',76,11758),('2020-12-01',83,11841),('2020-12-02',122,11963),('2020-12-03',64,12027),('2020-12-04',54,12081),('2020-12-05',108,12189),('2020-12-06',91,12280),('2020-12-07',102,12382),('2020-12-08',144,12526),('2020-12-09',86,12612),('2020-12-10',94,12706),('2020-12-11',94,12800),('2020-12-12',52,12852),('2020-12-13',31,12883),('2020-12-14',81,12964),('2020-12-15',92,13056),('2020-12-16',104,13160),('2020-12-17',96,13256),('2020-12-18',134,13390),('2020-12-19',117,13507),('2020-12-20',101,13608),('2020-12-21',157,13765),('2020-12-22',118,13883),('2020-12-23',111,13994),('2020-12-24',186,14180),('2020-12-25',186,14366),('2020-12-26',207,14573),('2020-12-27',140,14713),('2020-12-28',161,14874),('2020-12-29',122,14996),('2020-12-30',124,15120),('2020-12-31',61,15181),('2021-01-01',75,15256),('2021-01-02',50,15306),('2021-01-03',73,15379),('2021-01-04',100,15479),('2021-01-05',47,15526),('2021-01-06',53,15579),('2021-01-07',75,15654),('2021-01-08',182,15836),('2021-01-09',108,15944),('2021-01-10',100,16044),('2021-01-11',97,16141),('2021-01-12',182,16323),('2021-01-13',285,16608),('2021-01-14',103,16711),('2021-01-15',87,16798),('2021-01-16',46,16844),('2021-01-17',59,16903),('2021-01-18',211,17114),('2021-01-19',180,17294),('2021-01-20',94,17388),('2021-01-21',191,17579),('2021-01-22',151,17730),('2021-01-23',11,17741),('2021-01-24',79,17820),('2021-01-25',179,17999),('2021-01-26',202,18201),('2021-01-27',124,18325),('2021-01-28',146,18471),('2021-01-29',148,18619),('2021-01-30',135,18754),('2021-01-31',122,18876),('2021-02-01',109,18985),('2021-02-02',139,19124),('2021-02-03',120,19244),('2021-02-04',153,19397),('2021-02-05',17,19414),('2021-02-06',111,19525),('2021-02-07',31,19556),('2021-02-08',134,19690),('2021-02-09',185,19875),('2021-02-10',99,19974),('2021-02-11',88,20062),('2021-02-12',96,20158),('2021-02-13',46,20204),('2021-02-14',109,20313),('2021-02-15',80,20393),('2021-02-16',32,20425),('2021-02-17',42,20467),('2021-02-18',36,20503),('2021-02-19',56,20559),('2021-02-20',101,20660),('2021-02-21',113,20773),('2021-02-22',63,20836),('2021-02-23',52,20888),('2021-02-24',32,20920),('2021-02-25',76,20996),('2021-02-26',24,21020),('2021-02-27',72,21092),('2021-02-28',55,21147),('2021-03-01',54,21201),('2021-03-02',85,21286),('2021-03-03',250,21536),('2021-03-04',248,21784),('2021-03-05',167,21951),('2021-03-06',199,22150),('2021-03-07',243,22393),('2021-03-08',146,22539),('2021-03-09',105,22644),('2021-03-10',168,22812),('2021-03-11',220,23032),('2021-03-12',155,23187),('2021-03-13',149,23336),('2021-03-14',166,23502),('2021-03-15',112,23614),('2021-03-16',90,23704),('2021-03-17',173,23877),('2021-03-18',207,24084),('2021-03-19',237,24321),('2021-03-20',182,24503),('2021-03-21',117,24620),('2021-03-22',328,24948),('2021-03-23',190,25138),('2021-03-24',232,25370),('2021-03-25',368,25738),('2021-03-26',295,26033),('2021-03-27',377,26410),('2021-03-28',301,26711),('2021-03-29',240,26951),('2021-03-30',294,27245),('2021-03-31',273,27518),('2021-04-01',393,27911),('2021-04-02',459,28370),('2021-04-03',336,28706),('2021-04-04',276,28982),('2021-04-05',264,29246),('2021-04-06',627,29873),('2021-04-07',402,30275),('2021-04-08',355,30630),('2021-04-09',217,30847),('2021-04-10',174,31021),('2021-04-11',114,31135),('2021-04-12',296,31431),('2021-04-13',356,31787),('2021-04-14',374,32161),('2021-04-15',342,32503),('2021-04-16',137,32640),('2021-04-17',268,32908),('2021-04-18',253,33161),('2021-04-19',500,33661),('2021-04-20',642,34303),('2021-04-21',412,34715),('2021-04-22',407,35122),('2021-04-23',411,35533),('2021-04-24',336,35869),('2021-04-25',273,36142),('2021-04-26',324,36466),('2021-04-27',350,36816),('2021-04-28',499,37315),('2021-04-29',628,37943),('2021-04-30',506,38449),('2021-05-01',460,38909),('2021-05-02',367,39276),('2021-05-03',359,39635),('2021-05-04',139,39774),('2021-05-05',360,40134),('2021-05-06',440,40574),('2021-05-07',223,40797),('2021-05-08',238,41035),('2021-05-09',244,41279),('2021-05-10',224,41503),('2021-05-11',226,41729),('2021-05-12',113,41842),('2021-05-13',205,42047),('2021-05-14',233,42280),('2021-05-15',237,42517),('2021-05-16',406,42923),('2021-05-17',138,43061),('2021-05-18',301,43362),('2021-05-20',526,43888),('2021-05-21',260,44148),('2021-05-22',162,44310),('2021-05-23',129,44439),('2021-05-24',456,44895),('2021-05-25',282,45177),('2021-05-26',308,45485),('2021-05-27',372,45857),('2021-05-28',349,46206),('2021-05-29',208,46414),('2021-05-30',138,46552),('2021-05-31',35,46587),('2021-06-01',385,46972),('2021-06-02',288,47260),('2021-06-03',741,48001),('2021-06-04',252,48253),('2021-06-05',254,48507),('2021-06-06',189,48696),('2021-06-07',185,48881),('2021-06-08',181,49062),('2021-06-09',117,49179),('2021-06-10',180,49359),('2021-06-11',199,49558),('2021-06-12',197,49755),('2021-06-13',141,49896),('2021-06-14',3,49899),('2021-06-15',439,50338),('2021-06-16',221,50559),('2021-06-17',399,50958),('2021-06-19',119,51077),('2021-06-20',43,51120),('2021-06-21',98,51218),('2021-06-22',226,51444),('2021-06-23',170,51614),('2021-06-24',223,51837),('2021-06-25',129,51966),('2021-06-26',222,52188),('2021-06-27',269,52457),('2021-06-28',508,52965),('2021-06-29',246,53211),('2021-06-30',192,53403),('2021-07-01',202,53605),('2021-07-02',249,53854),('2021-07-03',183,54037),('2021-07-04',154,54191),('2021-07-05',307,54498),('2021-07-06',461,54959),('2021-07-07',129,55088),('2021-07-08',255,55343),('2021-07-09',327,55670),('2021-07-10',176,55846),('2021-07-11',210,56056),('2021-07-12',178,56234),('2021-07-13',469,56703),('2021-07-14',265,56968),('2021-07-15',175,57143),('2021-07-16',135,57278),('2021-07-17',132,57410),('2021-07-18',51,57461),('2021-07-19',201,57662),('2021-07-20',286,57948),('2021-07-21',156,58104),('2021-07-22',151,58255),('2021-07-23',125,58380),('2021-07-24',196,58576),('2021-07-25',157,58733),('2021-07-26',139,58872),('2021-07-27',174,59046),('2021-07-28',273,59319),('2021-07-29',149,59468),('2021-07-30',129,59597),('2021-07-31',64,59661),('2021-08-01',77,59738),('2021-08-02',71,59809),('2021-08-03',52,59861),('2021-08-04',107,59968),('2021-08-05',109,60077),('2021-08-06',79,60156),('2021-08-07',384,60540),('2021-08-08',75,60615),('2021-08-09',59,60674),('2021-08-10',98,60772),('2021-08-11',117,60889),('2021-08-12',62,60951),('2021-08-13',105,61056),('2021-08-14',54,61110),('2021-08-15',71,61181),('2021-08-17',34,61215),('2021-08-18',42,61257),('2021-08-19',156,61413),('2021-08-20',89,61502),('2021-08-21',98,61600),('2021-08-22',49,61649),('2021-08-23',126,61775),('2021-08-24',93,61868),('2021-08-25',126,61994),('2021-08-26',114,62108),('2021-08-27',70,62178),('2021-08-28',64,62242),('2021-08-29',20,62262),('2021-08-30',38,62300),('2021-08-31',67,62367),('2021-09-01',62,62429),('2021-09-02',75,62504),('2021-09-03',68,62572),('2021-09-04',45,62617),('2021-09-05',77,62694),('2021-09-06',87,62781),('2021-09-07',50,62831),('2021-09-08',42,62873),('2021-09-09',82,62955),('2021-09-10',56,63011),('2021-09-11',44,63055),('2021-09-12',13,63068),('2021-09-13',71,63139),('2021-09-14',46,63185),('2021-09-15',48,63233),('2021-09-16',53,63286),('2021-09-17',23,63309),('2021-09-18',44,63353),('2021-09-19',39,63392),('2021-09-20',70,63462),('2021-09-21',1,63463),('2021-09-22',85,63548),('2021-09-23',91,63639),('2021-09-24',72,63711),('2021-09-26',85,63796),('2021-09-27',54,63850),('2021-09-28',57,63907),('2021-09-29',82,63989),('2021-09-30',50,64039),('2021-10-01',34,64073),('2021-10-02',78,64151),('2021-10-03',55,64206),('2021-10-04',70,64276),('2021-10-05',39,64315),('2021-10-06',78,64393),('2021-10-07',91,64484),('2021-10-08',116,64600),('2021-10-09',70,64670),('2021-10-10',50,64720),('2021-10-11',83,64803),('2021-10-12',87,64890),('2021-10-13',20,64910),('2021-10-14',36,64946),('2021-10-15',22,64968),('2021-10-16',60,65028),('2021-10-17',53,65081),('2021-10-18',54,65135),('2021-10-20',103,65238),('2021-10-21',65,65303),('2021-10-22',35,65338),('2021-10-23',32,65370),('2021-10-24',23,65393),('2021-10-25',58,65451),('2021-10-26',60,65511),('2021-10-27',58,65569),('2021-10-28',78,65647),('2021-10-29',115,65762),('2021-10-30',37,65799),('2021-10-31',22,65821),('2021-11-01',62,65883),('2021-11-02',54,65937),('2021-11-03',77,66014),('2021-11-04',145,66159),('2021-11-05',122,66281),('2021-11-06',89,66370),('2021-11-07',111,66481);
/*!40000 ALTER TABLE `recuperados` ENABLE KEYS */;
UNLOCK TABLES;
/*!40103 SET TIME_ZONE=@OLD_TIME_ZONE */;

/*!40101 SET SQL_MODE=@OLD_SQL_MODE */;
/*!40014 SET FOREIGN_KEY_CHECKS=@OLD_FOREIGN_KEY_CHECKS */;
/*!40014 SET UNIQUE_CHECKS=@OLD_UNIQUE_CHECKS */;
/*!40101 SET CHARACTER_SET_CLIENT=@OLD_CHARACTER_SET_CLIENT */;
/*!40101 SET CHARACTER_SET_RESULTS=@OLD_CHARACTER_SET_RESULTS */;
/*!40101 SET COLLATION_CONNECTION=@OLD_COLLATION_CONNECTION */;
/*!40111 SET SQL_NOTES=@OLD_SQL_NOTES */;

-- Dump completed on 2021-11-09  1:59:01
