-- MySQL dump 10.14  Distrib 5.5.65-MariaDB, for Linux (x86_64)
--
-- Host: localhost    Database: labmoirasdb
-- ------------------------------------------------------
-- Server version	5.5.65-MariaDB

/*!40101 SET @OLD_CHARACTER_SET_CLIENT=@@CHARACTER_SET_CLIENT */;
/*!40101 SET @OLD_CHARACTER_SET_RESULTS=@@CHARACTER_SET_RESULTS */;
/*!40101 SET @OLD_COLLATION_CONNECTION=@@COLLATION_CONNECTION */;
/*!40101 SET NAMES utf8 */;
/*!40103 SET @OLD_TIME_ZONE=@@TIME_ZONE */;
/*!40103 SET TIME_ZONE='+00:00' */;
/*!40014 SET @OLD_UNIQUE_CHECKS=@@UNIQUE_CHECKS, UNIQUE_CHECKS=0 */;
/*!40014 SET @OLD_FOREIGN_KEY_CHECKS=@@FOREIGN_KEY_CHECKS, FOREIGN_KEY_CHECKS=0 */;
/*!40101 SET @OLD_SQL_MODE=@@SQL_MODE, SQL_MODE='NO_AUTO_VALUE_ON_ZERO' */;
/*!40111 SET @OLD_SQL_NOTES=@@SQL_NOTES, SQL_NOTES=0 */;

--
-- Table structure for table `casospositivos`
--

DROP TABLE IF EXISTS `casospositivos`;
/*!40101 SET @saved_cs_client     = @@character_set_client */;
/*!40101 SET character_set_client = utf8 */;
CREATE TABLE `casospositivos` (
  `dia` varchar(255) DEFAULT NULL,
  `registros` int(11) DEFAULT NULL,
  `casos` int(11) DEFAULT NULL
) ENGINE=MyISAM DEFAULT CHARSET=latin1;
/*!40101 SET character_set_client = @saved_cs_client */;

--
-- Dumping data for table `casospositivos`
--

LOCK TABLES `casospositivos` WRITE;
/*!40000 ALTER TABLE `casospositivos` DISABLE KEYS */;
INSERT INTO `casospositivos` VALUES ('2020-03-18',1,1),('2020-03-20',1,2),('2020-03-21',1,3),('2020-03-22',1,4),('2020-03-24',1,5),('2020-03-25',4,9),('2020-03-26',3,12),('2020-03-27',3,15),('2020-03-28',1,16),('2020-03-29',1,17),('2020-03-30',2,19),('2020-03-31',3,22),('2020-04-02',1,23),('2020-04-03',8,31),('2020-04-04',6,37),('2020-04-05',3,40),('2020-04-06',2,42),('2020-04-07',7,49),('2020-04-08',9,58),('2020-04-09',7,65),('2020-04-10',1,66),('2020-04-11',2,68),('2020-04-12',6,74),('2020-04-13',2,76),('2020-04-14',13,89),('2020-04-15',3,92),('2020-04-16',9,101),('2020-04-17',12,113),('2020-04-18',8,121),('2020-04-19',2,123),('2020-04-20',4,127),('2020-04-21',6,133),('2020-04-22',2,135),('2020-04-23',3,138),('2020-04-24',4,142),('2020-04-25',14,156),('2020-04-26',10,166),('2020-04-27',11,177),('2020-04-28',3,180),('2020-04-29',5,185),('2020-04-30',10,195),('2020-05-02',2,197),('2020-05-03',1,198),('2020-05-04',4,202),('2020-05-05',3,205),('2020-05-06',8,213),('2020-05-07',7,220),('2020-05-08',7,227),('2020-05-09',8,235),('2020-05-10',1,236),('2020-05-11',12,248),('2020-05-12',2,250),('2020-05-13',5,255),('2020-05-14',9,264),('2020-05-15',5,269),('2020-05-16',13,282),('2020-05-17',1,283),('2020-05-18',7,290),('2020-05-19',14,304),('2020-05-20',12,316),('2020-05-21',9,325),('2020-05-22',7,332),('2020-05-23',9,341),('2020-05-24',6,347),('2020-05-25',19,366),('2020-05-26',15,381),('2020-05-27',17,398),('2020-05-28',6,404),('2020-05-29',13,417),('2020-05-30',24,441),('2020-05-31',6,447),('2020-06-01',6,453),('2020-06-02',6,459),('2020-06-03',9,468),('2020-06-04',8,476),('2020-06-05',10,486),('2020-06-06',10,496),('2020-06-07',3,499),('2020-06-08',22,521),('2020-06-09',24,545),('2020-06-10',21,566),('2020-06-11',20,586),('2020-06-12',17,603),('2020-06-13',19,622),('2020-06-14',18,640),('2020-06-15',25,665),('2020-06-16',43,708),('2020-06-17',44,752),('2020-06-18',52,804),('2020-06-19',56,860),('2020-06-20',59,919),('2020-06-21',38,957),('2020-06-22',47,1004),('2020-06-23',113,1117),('2020-06-24',105,1222),('2020-06-25',76,1298),('2020-06-26',111,1409),('2020-06-27',89,1498),('2020-06-28',73,1571),('2020-06-29',108,1679),('2020-06-30',132,1811),('2020-07-01',121,1932),('2020-07-02',163,2095),('2020-07-03',108,2203),('2020-07-04',134,2337),('2020-07-05',91,2428),('2020-07-06',78,2506),('2020-07-07',127,2633),('2020-07-08',101,2734),('2020-07-09',145,2879),('2020-07-10',147,3026),('2020-07-11',112,3138),('2020-07-12',124,3262),('2020-07-13',84,3346),('2020-07-14',140,3486),('2020-07-15',120,3606),('2020-07-16',112,3718),('2020-07-17',188,3906),('2020-07-18',140,4046),('2020-07-19',131,4177),('2020-07-20',69,4246),('2020-07-21',132,4378),('2020-07-22',195,4573),('2020-07-23',159,4732),('2020-07-24',192,4924),('2020-07-25',190,5114),('2020-07-26',114,5228),('2020-07-27',166,5394),('2020-07-28',161,5555),('2020-07-29',163,5718),('2020-07-30',151,5869),('2020-07-31',149,6018),('2020-08-01',230,6248),('2020-08-02',75,6323),('2020-08-03',202,6525),('2020-08-04',147,6672),('2020-08-05',176,6848),('2020-08-06',170,7018),('2020-08-07',102,7120),('2020-08-08',113,7233),('2020-08-09',36,7269),('2020-08-10',174,7443),('2020-08-11',95,7538),('2020-08-12',85,7623),('2020-08-13',132,7755),('2020-08-14',75,7830),('2020-08-15',85,7915),('2020-08-16',87,8002),('2020-08-17',88,8090),('2020-08-18',88,8178),('2020-08-19',78,8256),('2020-08-20',53,8309),('2020-08-21',83,8392),('2020-08-22',99,8491),('2020-08-23',52,8543),('2020-08-24',87,8630),('2020-08-25',57,8687),('2020-08-26',84,8771),('2020-08-27',77,8848),('2020-08-28',68,8916),('2020-08-29',85,9001),('2020-08-30',38,9039),('2020-08-31',101,9140),('2020-09-01',49,9189),('2020-09-02',65,9254),('2020-09-03',57,9311),('2020-09-04',81,9392),('2020-09-05',82,9474),('2020-09-06',35,9509),('2020-09-07',70,9579),('2020-09-08',60,9639),('2020-09-09',28,9667),('2020-09-10',47,9714),('2020-09-11',60,9774),('2020-09-12',81,9855),('2020-09-13',37,9892),('2020-09-14',50,9942),('2020-09-15',55,9997),('2020-09-16',29,10026),('2020-09-17',48,10074),('2020-09-18',50,10124),('2020-09-19',49,10173),('2020-09-20',14,10187),('2020-09-21',42,10229),('2020-09-22',44,10273),('2020-09-23',32,10305),('2020-09-24',87,10392),('2020-09-25',52,10444),('2020-09-26',94,10538),('2020-09-27',29,10567),('2020-09-28',74,10641),('2020-09-29',30,10671),('2020-09-30',32,10703),('2020-10-01',31,10734),('2020-10-02',45,10779),('2020-10-03',51,10830),('2020-10-04',18,10848),('2020-10-05',47,10895),('2020-10-06',23,10918),('2020-10-07',34,10952),('2020-10-08',67,11019),('2020-10-09',42,11061),('2020-10-10',25,11086),('2020-10-11',27,11113),('2020-10-12',26,11139),('2020-10-13',35,11174),('2020-10-14',16,11190),('2020-10-15',38,11228),('2020-10-16',51,11279),('2020-10-17',64,11343),('2020-10-18',46,11389),('2020-10-19',67,11456),('2020-10-20',88,11544),('2020-10-21',55,11599),('2020-10-22',63,11662),('2020-10-23',62,11724),('2020-10-24',36,11760),('2020-10-25',33,11793),('2020-10-26',71,11864),('2020-10-27',82,11946),('2020-10-28',32,11978),('2020-10-29',49,12027),('2020-10-30',45,12072),('2020-10-31',67,12139),('2020-11-01',136,12275),('2020-11-02',65,12340),('2020-11-03',111,12451),('2020-11-04',27,12478),('2020-11-05',47,12525),('2020-11-06',80,12605),('2020-11-07',96,12701),('2020-11-08',55,12756),('2020-11-09',180,12936),('2020-11-10',123,13059),('2020-11-11',52,13111),('2020-11-12',62,13173),('2020-11-13',65,13238),('2020-11-14',61,13299),('2020-11-15',80,13379),('2020-11-16',47,13426),('2020-11-17',86,13512),('2020-11-18',45,13557),('2020-11-19',97,13654),('2020-11-20',106,13760),('2020-11-21',124,13884),('2020-11-22',56,13940),('2020-11-23',151,14091),('2020-11-24',94,14185),('2020-11-25',77,14262),('2020-11-26',103,14365),('2020-11-27',105,14470),('2020-11-28',94,14564),('2020-11-29',37,14601),('2020-11-30',124,14725),('2020-12-01',120,14845),('2020-12-02',145,14990),('2020-12-03',115,15105),('2020-12-04',109,15214),('2020-12-05',111,15325),('2020-12-06',95,15420),('2020-12-07',135,15555),('2020-12-08',95,15650),('2020-12-09',133,15783),('2020-12-10',178,15961),('2020-12-11',150,16111),('2020-12-12',125,16236),('2020-12-13',119,16355),('2020-12-14',130,16485),('2020-12-15',123,16608),('2020-12-16',93,16701),('2020-12-17',139,16840),('2020-12-18',90,16930),('2020-12-19',83,17013),('2020-12-20',36,17049),('2020-12-21',79,17128),('2020-12-22',92,17220),('2020-12-23',71,17291),('2020-12-24',71,17362),('2020-12-25',20,17382),('2020-12-26',53,17435),('2020-12-27',9,17444),('2020-12-28',91,17535),('2020-12-29',65,17600),('2020-12-30',45,17645),('2020-12-31',31,17676),('2021-01-01',1,17677),('2021-01-02',34,17711),('2021-01-03',9,17720),('2021-01-04',19,17739);
/*!40000 ALTER TABLE `casospositivos` ENABLE KEYS */;
UNLOCK TABLES;

--
-- Table structure for table `edadesgenero`
--

DROP TABLE IF EXISTS `edadesgenero`;
/*!40101 SET @saved_cs_client     = @@character_set_client */;
/*!40101 SET character_set_client = utf8 */;
CREATE TABLE `edadesgenero` (
  `rango` varchar(255) DEFAULT NULL,
  `cant` int(11) DEFAULT NULL,
  `porcen` float DEFAULT NULL,
  `edadesF` int(11) DEFAULT NULL,
  `edadesM` int(11) DEFAULT NULL
) ENGINE=MyISAM DEFAULT CHARSET=latin1;
/*!40101 SET character_set_client = @saved_cs_client */;

--
-- Dumping data for table `edadesgenero`
--

LOCK TABLES `edadesgenero` WRITE;
/*!40000 ALTER TABLE `edadesgenero` DISABLE KEYS */;
INSERT INTO `edadesgenero` VALUES ('0-9',636,3.58532,327,309),('10-19',1347,7.59344,690,657),('20-29',3474,19.584,1866,1608),('30-39',4022,22.6732,2045,1977),('40-49',3066,17.284,1592,1474),('50-59',2410,13.5859,1242,1168),('60-69',1513,8.52923,794,719),('70-79',826,4.65641,399,427),('80-89',365,2.05761,194,171),('90-99',77,0.434072,49,28),('100+',3,0.0169119,2,1);
/*!40000 ALTER TABLE `edadesgenero` ENABLE KEYS */;
UNLOCK TABLES;

--
-- Table structure for table `enviardatos`
--

DROP TABLE IF EXISTS `enviardatos`;
/*!40101 SET @saved_cs_client     = @@character_set_client */;
/*!40101 SET character_set_client = utf8 */;
CREATE TABLE `enviardatos` (
  `nombre` varchar(255) DEFAULT NULL,
  `correo` varchar(255) DEFAULT NULL
) ENGINE=MyISAM DEFAULT CHARSET=latin1;
/*!40101 SET character_set_client = @saved_cs_client */;

--
-- Dumping data for table `enviardatos`
--

LOCK TABLES `enviardatos` WRITE;
/*!40000 ALTER TABLE `enviardatos` DISABLE KEYS */;
/*!40000 ALTER TABLE `enviardatos` ENABLE KEYS */;
UNLOCK TABLES;

--
-- Table structure for table `fallecidos`
--

DROP TABLE IF EXISTS `fallecidos`;
/*!40101 SET @saved_cs_client     = @@character_set_client */;
/*!40101 SET character_set_client = utf8 */;
CREATE TABLE `fallecidos` (
  `dia` varchar(255) DEFAULT NULL,
  `registros` int(11) DEFAULT NULL,
  `casos` int(11) DEFAULT NULL
) ENGINE=MyISAM DEFAULT CHARSET=latin1;
/*!40101 SET character_set_client = @saved_cs_client */;

--
-- Dumping data for table `fallecidos`
--

LOCK TABLES `fallecidos` WRITE;
/*!40000 ALTER TABLE `fallecidos` DISABLE KEYS */;
INSERT INTO `fallecidos` VALUES ('2020-03-23',1,1),('2020-03-28',1,2),('2020-04-05',1,3),('2020-04-07',1,4),('2020-04-08',1,5),('2020-04-09',1,6),('2020-04-12',2,8),('2020-04-18',2,10),('2020-04-22',1,11),('2020-04-23',1,12),('2020-04-26',2,14),('2020-04-30',1,15),('2020-05-02',1,16),('2020-05-04',2,18),('2020-05-05',1,19),('2020-05-07',1,20),('2020-05-09',1,21),('2020-05-23',2,23),('2020-05-29',1,24),('2020-06-02',1,25),('2020-06-10',2,27),('2020-06-11',2,29),('2020-06-12',1,30),('2020-06-14',3,33),('2020-06-15',1,34),('2020-06-16',3,37),('2020-06-17',2,39),('2020-06-18',5,44),('2020-06-19',1,45),('2020-06-20',1,46),('2020-06-21',1,47),('2020-06-22',2,49),('2020-06-23',2,51),('2020-06-24',2,53),('2020-06-25',3,56),('2020-06-26',3,59),('2020-06-27',2,61),('2020-06-28',3,64),('2020-06-29',2,66),('2020-06-30',4,70),('2020-07-01',9,79),('2020-07-02',7,86),('2020-07-03',4,90),('2020-07-04',1,91),('2020-07-05',7,98),('2020-07-06',8,106),('2020-07-07',2,108),('2020-07-08',6,114),('2020-07-09',6,120),('2020-07-10',2,122),('2020-07-11',11,133),('2020-07-12',4,137),('2020-07-13',1,138),('2020-07-14',3,141),('2020-07-15',6,147),('2020-07-16',8,155),('2020-07-17',7,162),('2020-07-18',7,169),('2020-07-19',4,173),('2020-07-20',3,176),('2020-07-21',9,185),('2020-07-22',5,190),('2020-07-23',4,194),('2020-07-24',6,200),('2020-07-25',6,206),('2020-07-26',4,210),('2020-07-27',7,217),('2020-07-28',8,225),('2020-07-29',6,231),('2020-07-30',6,237),('2020-07-31',8,245),('2020-08-01',5,250),('2020-08-02',3,253),('2020-08-03',10,263),('2020-08-04',4,267),('2020-08-05',8,275),('2020-08-06',4,279),('2020-08-07',3,282),('2020-08-08',7,289),('2020-08-09',3,292),('2020-08-10',8,300),('2020-08-11',8,308),('2020-08-12',4,312),('2020-08-13',8,320),('2020-08-14',6,326),('2020-08-15',7,333),('2020-08-16',8,341),('2020-08-17',5,346),('2020-08-18',3,349),('2020-08-19',5,354),('2020-08-20',2,356),('2020-08-21',7,363),('2020-08-22',5,368),('2020-08-23',3,371),('2020-08-24',8,379),('2020-08-25',4,383),('2020-08-26',6,389),('2020-08-27',7,396),('2020-08-28',7,403),('2020-08-29',1,404),('2020-08-30',2,406),('2020-08-31',6,412),('2020-09-01',1,413),('2020-09-02',2,415),('2020-09-03',6,421),('2020-09-04',5,426),('2020-09-05',3,429),('2020-09-06',6,435),('2020-09-07',3,438),('2020-09-08',2,440),('2020-09-10',1,441),('2020-09-11',2,443),('2020-09-12',1,444),('2020-09-14',4,448),('2020-09-15',2,450),('2020-09-16',3,453),('2020-09-17',3,456),('2020-09-18',4,460),('2020-09-19',2,462),('2020-09-20',3,465),('2020-09-21',2,467),('2020-09-22',2,469),('2020-09-23',1,470),('2020-09-25',1,471),('2020-09-26',4,475),('2020-09-27',4,479),('2020-09-28',1,480),('2020-09-30',2,482),('2020-10-02',2,484),('2020-10-03',2,486),('2020-10-04',1,487),('2020-10-05',2,489),('2020-10-06',1,490),('2020-10-11',1,491),('2020-10-13',3,494),('2020-10-14',3,497),('2020-10-17',1,498),('2020-10-19',1,499),('2020-10-20',1,500),('2020-10-22',2,502),('2020-10-23',1,503),('2020-10-26',1,504),('2020-10-27',1,505),('2020-10-28',1,506),('2020-11-02',1,507),('2020-11-05',1,508),('2020-11-06',2,510),('2020-11-07',2,512),('2020-11-08',2,514),('2020-11-09',1,515),('2020-11-10',2,517),('2020-11-12',3,520),('2020-11-14',2,522),('2020-11-15',1,523),('2020-11-16',1,524),('2020-11-17',2,526),('2020-11-18',1,527),('2020-11-19',4,531),('2020-11-20',1,532),('2020-11-21',1,533),('2020-11-24',2,535),('2020-11-25',4,539),('2020-11-27',1,540),('2020-11-28',4,544),('2020-11-29',3,547),('2020-11-30',2,549),('2020-12-01',1,550),('2020-12-02',1,551),('2020-12-03',2,553),('2020-12-05',2,555),('2020-12-06',1,556),('2020-12-07',1,557),('2020-12-08',1,558),('2020-12-09',2,560),('2020-12-10',1,561),('2020-12-12',3,564),('2020-12-13',2,566),('2020-12-14',2,568),('2020-12-15',3,571),('2020-12-17',4,575),('2020-12-18',1,576),('2020-12-19',2,578),('2020-12-20',3,581),('2020-12-21',6,587),('2020-12-22',1,588),('2020-12-23',2,590),('2020-12-24',1,591),('2020-12-25',1,592),('2020-12-26',2,594),('2020-12-27',1,595),('2020-12-28',1,596),('2020-12-29',3,599),('2020-12-30',2,601),('2020-12-31',1,602),('2021-01-01',2,604),('2021-01-02',3,607),('2021-01-03',3,610),('2021-01-05',2,612);
/*!40000 ALTER TABLE `fallecidos` ENABLE KEYS */;
UNLOCK TABLES;

--
-- Table structure for table `fechacorte`
--

DROP TABLE IF EXISTS `fechacorte`;
/*!40101 SET @saved_cs_client     = @@character_set_client */;
/*!40101 SET character_set_client = utf8 */;
CREATE TABLE `fechacorte` (
  `hora` varchar(255) DEFAULT NULL
) ENGINE=MyISAM DEFAULT CHARSET=latin1;
/*!40101 SET character_set_client = @saved_cs_client */;

--
-- Dumping data for table `fechacorte`
--

LOCK TABLES `fechacorte` WRITE;
/*!40000 ALTER TABLE `fechacorte` DISABLE KEYS */;
INSERT INTO `fechacorte` VALUES ('Thu Jan  7 17:13:08 -05 2021\n');
/*!40000 ALTER TABLE `fechacorte` ENABLE KEYS */;
UNLOCK TABLES;

--
-- Table structure for table `genero`
--

DROP TABLE IF EXISTS `genero`;
/*!40101 SET @saved_cs_client     = @@character_set_client */;
/*!40101 SET character_set_client = utf8 */;
CREATE TABLE `genero` (
  `nF` int(11) DEFAULT NULL,
  `nM` int(11) DEFAULT NULL,
  `porcenF` float DEFAULT NULL,
  `porcenM` float DEFAULT NULL
) ENGINE=MyISAM DEFAULT CHARSET=latin1;
/*!40101 SET character_set_client = @saved_cs_client */;

--
-- Dumping data for table `genero`
--

LOCK TABLES `genero` WRITE;
/*!40000 ALTER TABLE `genero` DISABLE KEYS */;
INSERT INTO `genero` VALUES (9200,8539,51.8631,48.1369);
/*!40000 ALTER TABLE `genero` ENABLE KEYS */;
UNLOCK TABLES;

--
-- Table structure for table `r_efectivo`
--

DROP TABLE IF EXISTS `r_efectivo`;
/*!40101 SET @saved_cs_client     = @@character_set_client */;
/*!40101 SET character_set_client = utf8 */;
CREATE TABLE `r_efectivo` (
  `dia` varchar(255) DEFAULT NULL,
  `rt` float DEFAULT NULL,
  `rt_low` float DEFAULT NULL,
  `rt_high` float DEFAULT NULL
) ENGINE=MyISAM DEFAULT CHARSET=latin1;
/*!40101 SET character_set_client = @saved_cs_client */;

--
-- Dumping data for table `r_efectivo`
--

LOCK TABLES `r_efectivo` WRITE;
/*!40000 ALTER TABLE `r_efectivo` DISABLE KEYS */;
INSERT INTO `r_efectivo` VALUES ('2020-03-18',0.584547,0,8.7055),('2020-03-20',0.740098,0,8.09841),('2020-03-21',0.880385,0.00407238,7.52947),('2020-03-22',1.006,0.0236954,6.99749),('2020-03-24',1.11752,0.0415721,6.50127),('2020-03-25',1.21554,0.0577639,6.03963),('2020-03-26',1.30065,0.0723324,5.61136),('2020-03-27',1.37343,0.0853389,5.21527),('2020-03-28',1.43446,0.0968451,4.85018),('2020-03-29',1.48435,0.106912,4.51487),('2020-03-30',1.52366,0.115602,4.20817),('2020-03-31',1.553,0.122976,3.92887),('2020-04-02',1.57294,0.129095,3.67579),('2020-04-03',1.58408,0.134021,3.44772),('2020-04-04',1.58699,0.137816,3.24348),('2020-04-05',1.58228,0.140541,3.06187),('2020-04-06',1.57052,0.142257,2.90169),('2020-04-07',1.5523,0.143026,2.76175),('2020-04-08',1.52821,0.142909,2.64086),('2020-04-09',1.49883,0.141969,2.53783),('2020-04-10',1.46476,0.140265,2.45145),('2020-04-11',1.42657,0.137861,2.38054),('2020-04-12',1.38486,0.134817,2.3239),('2020-04-13',1.34022,0.131194,2.28034),('2020-04-14',1.29322,0.127055,2.24866),('2020-04-15',1.24447,0.122461,2.22767),('2020-04-16',1.19905,0.11998,2.28018),('2020-04-17',1.15058,0.116576,2.2944),('2020-04-18',1.08188,0.111718,2.27339),('2020-04-19',1.0256,0.106582,2.25437),('2020-04-20',0.938037,0.0943935,2.2079),('2020-04-21',1.00449,0.0997015,2.26811),('2020-04-22',1.00963,0.0950513,2.25902),('2020-04-23',0.988259,0.0823076,2.22302),('2020-04-24',0.937937,0.0749555,2.17905),('2020-04-25',0.895547,0.0695375,2.1478),('2020-04-26',0.873647,0.0631364,2.13089),('2020-04-27',0.859424,0.0557523,2.11697),('2020-04-28',0.826432,0.0473852,2.09282),('2020-04-29',0.830513,0.0449858,2.09857),('2020-04-30',0.832542,0.0434497,2.09965),('2020-05-02',0.812556,0.0339552,2.07767),('2020-05-03',0.810636,0.0322021,2.07733),('2020-05-04',0.823996,0.0340567,2.08879),('2020-05-05',0.827935,0.0248948,2.08642),('2020-05-06',0.867004,0.0323126,2.11549),('2020-05-07',0.869663,0.0349752,2.11496),('2020-05-08',0.868466,0.0366117,2.11288),('2020-05-09',0.882735,0.0391669,2.11836),('2020-05-10',0.873532,0.0391114,2.10773),('2020-05-11',0.911229,0.0600843,2.1422),('2020-05-12',0.903531,0.0620854,2.13121),('2020-05-13',0.934932,0.0687384,2.15407),('2020-05-14',0.931397,0.0638071,2.13984),('2020-05-15',0.923256,0.0530653,2.11913),('2020-05-16',0.906765,0.0530338,2.09978),('2020-05-17',0.900128,0.055985,2.09175),('2020-05-18',0.91082,0.0645942,2.09902),('2020-05-19',0.90428,0.0699681,2.09016),('2020-05-20',0.901036,0.077387,2.08714),('2020-05-21',0.888975,0.0759292,2.0738),('2020-05-22',0.900389,0.0661159,2.07995),('2020-05-23',0.91249,0.058494,2.08297),('2020-05-24',0.932104,0.0541482,2.09245),('2020-05-25',0.932258,0.0532671,2.08703),('2020-05-26',0.942575,0.0589377,2.09224),('2020-05-27',0.997557,0.0914906,2.13692),('2020-05-28',1.01667,0.113863,2.14606),('2020-05-29',0.980293,0.0829838,2.09944),('2020-05-30',0.984698,0.0886541,2.09844),('2020-05-31',1.01545,0.124419,2.12238),('2020-06-01',1.04112,0.139995,2.1376),('2020-06-02',1.08524,0.178219,2.17039),('2020-06-03',1.13752,0.225389,2.21033),('2020-06-04',1.16601,0.246796,2.22164),('2020-06-05',1.16609,0.260933,2.20741),('2020-06-06',1.21788,0.297428,2.2426),('2020-06-07',1.2179,0.311681,2.22821),('2020-06-08',1.25828,0.362425,2.25704),('2020-06-09',1.29476,0.396176,2.27476),('2020-06-10',1.33669,0.445192,2.30256),('2020-06-11',1.40373,0.496715,2.35054),('2020-06-12',1.393,0.51431,2.32024),('2020-06-13',1.41351,0.550162,2.3239),('2020-06-14',1.43012,0.565847,2.32151),('2020-06-15',1.44833,0.584421,2.31836),('2020-06-16',1.47795,0.619841,2.32597),('2020-06-17',1.48575,0.643565,2.31335),('2020-06-18',1.51792,0.674318,2.32267),('2020-06-19',1.49324,0.674955,2.28012),('2020-06-20',1.52482,0.70665,2.29232),('2020-06-21',1.54657,0.73041,2.29151),('2020-06-22',1.53046,0.714977,2.25375),('2020-06-23',1.5237,0.729768,2.22915),('2020-06-24',1.53605,0.747517,2.22005),('2020-06-25',1.59274,0.787622,2.25821),('2020-06-26',1.56193,0.785412,2.20765),('2020-06-27',1.50007,0.750943,2.12894),('2020-06-28',1.47111,0.749681,2.08581),('2020-06-29',1.43275,0.734574,2.03546),('2020-06-30',1.39797,0.725594,1.99042),('2020-07-01',1.39937,0.735969,1.98082),('2020-07-02',1.36033,0.721807,1.9316),('2020-07-03',1.3073,0.708823,1.87197),('2020-07-04',1.29938,0.711671,1.86108),('2020-07-05',1.29663,0.720113,1.85507),('2020-07-06',1.28135,0.715555,1.83492),('2020-07-07',1.22472,0.66869,1.77421),('2020-07-08',1.22355,0.66203,1.77037),('2020-07-09',1.16054,0.610778,1.70231),('2020-07-10',1.1337,0.592085,1.67138),('2020-07-11',1.10086,0.563548,1.63753),('2020-07-12',1.10097,0.567738,1.63812),('2020-07-13',1.12542,0.58129,1.66046),('2020-07-14',1.13657,0.596037,1.67188),('2020-07-15',1.15548,0.607566,1.6936),('2020-07-16',1.095,0.560932,1.62886),('2020-07-17',1.07876,0.551257,1.61163),('2020-07-18',1.06946,0.543368,1.60226),('2020-07-19',1.08749,0.571221,1.61891),('2020-07-20',1.12225,0.603261,1.6505),('2020-07-21',1.11558,0.604938,1.64186),('2020-07-22',1.12665,0.625072,1.651),('2020-07-23',1.11391,0.62035,1.63555),('2020-07-24',1.0866,0.60082,1.60551),('2020-07-25',1.09043,0.608069,1.61033),('2020-07-26',1.11831,0.625909,1.63632),('2020-07-27',1.10382,0.62045,1.62047),('2020-07-28',1.10278,0.624771,1.61733),('2020-07-29',1.10274,0.615306,1.61456),('2020-07-30',1.08464,0.603485,1.59609),('2020-07-31',1.06384,0.5863,1.57565),('2020-08-01',1.00998,0.549236,1.52145),('2020-08-02',1.00113,0.54474,1.51692),('2020-08-03',0.978784,0.524517,1.49883),('2020-08-04',0.97151,0.518587,1.49469),('2020-08-05',0.995719,0.522439,1.51916),('2020-08-06',0.940021,0.470241,1.46494),('2020-08-07',0.942118,0.460747,1.47188),('2020-08-08',0.899317,0.431324,1.43438),('2020-08-09',0.902432,0.431324,1.44408),('2020-08-10',0.867562,0.396769,1.41393),('2020-08-11',0.833293,0.359992,1.38554),('2020-08-12',0.882431,0.385354,1.43822),('2020-08-13',0.860309,0.363459,1.42074),('2020-08-14',0.844807,0.34364,1.41117),('2020-08-15',0.822014,0.31647,1.39329),('2020-08-16',0.816731,0.304781,1.3946),('2020-08-17',0.83102,0.319674,1.41442),('2020-08-18',0.802495,0.290426,1.39192),('2020-08-19',0.83436,0.305963,1.43023),('2020-08-20',0.843868,0.312164,1.44585),('2020-08-21',0.80897,0.290704,1.41859),('2020-08-22',0.829479,0.292693,1.44608),('2020-08-23',0.822291,0.284651,1.44525),('2020-08-24',0.814734,0.275682,1.44422),('2020-08-25',0.803085,0.260493,1.43938),('2020-08-26',0.818104,0.248788,1.46106),('2020-08-27',0.846351,0.274465,1.4937),('2020-08-28',0.809712,0.253984,1.45917),('2020-08-29',0.85071,0.28452,1.50692),('2020-08-30',0.798361,0.231573,1.4592),('2020-08-31',0.81586,0.24339,1.48311),('2020-09-01',0.798786,0.218773,1.47133),('2020-09-02',0.811539,0.225093,1.4908),('2020-09-03',0.789041,0.204939,1.47168),('2020-09-04',0.792875,0.208901,1.47527),('2020-09-05',0.870121,0.274576,1.55985),('2020-09-06',0.882317,0.283143,1.5736),('2020-09-07',0.871015,0.283079,1.56329),('2020-09-08',0.890255,0.305409,1.58481),('2020-09-09',0.902043,0.312473,1.59853),('2020-09-10',0.887105,0.308282,1.58459),('2020-09-11',0.903531,0.314638,1.60281),('2020-09-12',0.905858,0.32015,1.60833),('2020-09-13',0.872659,0.291732,1.57654),('2020-09-14',0.870705,0.292424,1.57788),('2020-09-15',0.868649,0.292714,1.57835),('2020-09-16',0.885714,0.300207,1.59799),('2020-09-17',0.912739,0.319802,1.62773),('2020-09-18',0.886676,0.312975,1.6046),('2020-09-19',0.912369,0.323941,1.63316),('2020-09-20',0.881521,0.310176,1.60291),('2020-09-21',0.865004,0.29846,1.58932),('2020-09-22',0.840338,0.274199,1.56825),('2020-09-23',0.837785,0.269475,1.56864),('2020-09-24',0.834619,0.260467,1.56941),('2020-09-25',0.787988,0.228442,1.52946),('2020-09-26',0.837546,0.270407,1.586),('2020-09-27',0.833729,0.271948,1.58478),('2020-09-28',0.847822,0.279385,1.60153),('2020-09-29',0.877037,0.289752,1.63051),('2020-09-30',0.924372,0.31742,1.6796),('2020-10-01',0.930329,0.319989,1.6848),('2020-10-02',0.898268,0.302954,1.65467),('2020-10-03',0.948382,0.329266,1.7045),('2020-10-04',0.965891,0.342,1.72149),('2020-10-05',0.959103,0.350636,1.71583),('2020-10-06',0.944016,0.339431,1.69999),('2020-10-07',0.902013,0.291323,1.6602),('2020-10-08',0.956996,0.336697,1.71788),('2020-10-09',0.936899,0.323175,1.69724),('2020-10-10',0.985606,0.348508,1.74597),('2020-10-11',1.02123,0.372842,1.78007),('2020-10-12',0.999252,0.367896,1.754),('2020-10-13',0.992832,0.35963,1.74475),('2020-10-14',1.02553,0.382367,1.77674),('2020-10-15',0.969915,0.319905,1.71736),('2020-10-16',0.956833,0.323054,1.7026),('2020-10-17',1.00801,0.352316,1.75073),('2020-10-18',1.04415,0.377212,1.78469),('2020-10-19',1.05587,0.392003,1.79243),('2020-10-20',1.13065,0.45956,1.86283),('2020-10-21',1.14316,0.471948,1.86668),('2020-10-22',1.22027,0.533968,1.93534),('2020-10-23',1.19716,0.531726,1.90375),('2020-10-24',1.25455,0.575994,1.95332),('2020-10-25',1.21978,0.56269,1.9102),('2020-10-26',1.19335,0.551569,1.87591),('2020-10-27',1.16564,0.538215,1.84226),('2020-10-28',1.20268,0.564957,1.87453),('2020-10-29',1.17871,0.54187,1.84431),('2020-10-30',1.17173,0.558742,1.83372),('2020-10-31',1.20382,0.588451,1.86321),('2020-11-01',1.18291,0.589104,1.83735),('2020-11-02',1.17434,0.587999,1.82366),('2020-11-03',1.21604,0.630525,1.86216),('2020-11-04',1.2484,0.645427,1.88873),('2020-11-05',1.19555,0.613988,1.82918),('2020-11-06',1.1624,0.596186,1.79132),('2020-11-07',1.12157,0.570349,1.74816),('2020-11-08',1.1185,0.571481,1.74386),('2020-11-09',1.0929,0.568349,1.717),('2020-11-10',1.09138,0.567624,1.715),('2020-11-11',1.11317,0.586977,1.73814),('2020-11-12',1.11875,0.592029,1.74206),('2020-11-13',1.12939,0.599517,1.75229),('2020-11-14',1.13399,0.601079,1.75379),('2020-11-15',1.13896,0.602362,1.75602),('2020-11-16',1.14054,0.598849,1.75334),('2020-11-17',1.16144,0.612794,1.77138),('2020-11-18',1.17887,0.621955,1.78493),('2020-11-19',1.15891,0.610392,1.76147),('2020-11-20',1.13805,0.597201,1.73703),('2020-11-21',1.17092,0.612705,1.76784),('2020-11-22',1.17495,0.612383,1.76887),('2020-11-23',1.16054,0.602993,1.75375),('2020-11-24',1.15733,0.590464,1.74819),('2020-11-25',1.1534,0.569237,1.74345),('2020-11-26',1.14512,0.557187,1.73159),('2020-11-27',1.18258,0.594526,1.76384),('2020-11-28',1.16985,0.581007,1.74792),('2020-11-29',1.18779,0.596838,1.76288),('2020-11-30',1.16577,0.576013,1.73865),('2020-12-01',1.13071,0.547544,1.69675),('2020-12-02',1.14069,0.539798,1.70726),('2020-12-03',1.08866,0.496618,1.64857),('2020-12-04',1.04528,0.462998,1.60045),('2020-12-05',1.11888,0.533982,1.67267),('2020-12-06',1.14236,0.546978,1.69064),('2020-12-07',1.12382,0.533396,1.67381),('2020-12-08',1.08874,0.512413,1.63123),('2020-12-09',1.0698,0.489913,1.60958),('2020-12-10',1.03485,0.462655,1.57165),('2020-12-11',1.00784,0.441581,1.54531),('2020-12-12',0.980056,0.420178,1.51877),('2020-12-13',0.951668,0.398585,1.49218),('2020-12-14',0.922835,0.37694,1.46571),('2020-12-15',0.893717,0.355383,1.43954),('2020-12-16',0.864474,0.334053,1.4138),('2020-12-17',0.835266,0.313087,1.38869),('2020-12-18',0.806253,0.292626,1.36435),('2020-12-19',0.777597,0.272808,1.34095),('2020-12-20',0.749456,0.253771,1.31865),('2020-12-21',0.721991,0.235655,1.29762),('2020-12-22',0.695364,0.218599,1.27802),('2020-12-23',0.669732,0.202741,1.26002),('2020-12-24',0.645258,0.18822,1.24378),('2020-12-25',0.622102,0.175176,1.22946),('2020-12-26',0.600422,0.163746,1.21723),('2020-12-27',0.580381,0.15407,1.20724),('2020-12-28',0.562137,0.146287,1.19967),('2020-12-29',0.545852,0.140536,1.19469),('2020-12-30',0.531686,0.136955,1.19244),('2020-12-31',0.519798,0.135683,1.1931),('2021-01-01',0.510349,0.136859,1.19682),('2021-01-02',0.5035,0.140623,1.20378),('2021-01-03',0.49941,0.147112,1.21414),('2021-01-04',0.49824,0.156466,1.22806);
/*!40000 ALTER TABLE `r_efectivo` ENABLE KEYS */;
UNLOCK TABLES;

--
-- Table structure for table `recuperados`
--

DROP TABLE IF EXISTS `recuperados`;
/*!40101 SET @saved_cs_client     = @@character_set_client */;
/*!40101 SET character_set_client = utf8 */;
CREATE TABLE `recuperados` (
  `dia` varchar(255) DEFAULT NULL,
  `registros` int(11) DEFAULT NULL,
  `casos` int(11) DEFAULT NULL
) ENGINE=MyISAM DEFAULT CHARSET=latin1;
/*!40101 SET character_set_client = @saved_cs_client */;

--
-- Dumping data for table `recuperados`
--

LOCK TABLES `recuperados` WRITE;
/*!40000 ALTER TABLE `recuperados` DISABLE KEYS */;
INSERT INTO `recuperados` VALUES ('2020-04-05',1,1),('2020-04-06',1,2),('2020-04-07',1,3),('2020-04-08',2,5),('2020-04-10',1,6),('2020-04-11',1,7),('2020-04-13',1,8),('2020-04-15',1,9),('2020-04-16',3,12),('2020-04-17',4,16),('2020-04-18',5,21),('2020-04-20',1,22),('2020-04-21',1,23),('2020-04-23',4,27),('2020-04-24',1,28),('2020-04-26',1,29),('2020-04-28',1,30),('2020-04-29',1,31),('2020-04-30',4,35),('2020-05-01',3,38),('2020-05-02',11,49),('2020-05-03',1,50),('2020-05-04',4,54),('2020-05-05',5,59),('2020-05-06',4,63),('2020-05-07',5,68),('2020-05-08',2,70),('2020-05-09',4,74),('2020-05-10',2,76),('2020-05-11',6,82),('2020-05-13',4,86),('2020-05-14',8,94),('2020-05-15',2,96),('2020-05-16',6,102),('2020-05-17',4,106),('2020-05-19',1,107),('2020-05-20',4,111),('2020-05-21',2,113),('2020-05-22',3,116),('2020-05-24',3,119),('2020-05-25',9,128),('2020-05-26',5,133),('2020-05-27',1,134),('2020-05-28',9,143),('2020-05-29',3,146),('2020-05-30',2,148),('2020-05-31',37,185),('2020-06-01',3,188),('2020-06-02',14,202),('2020-06-03',4,206),('2020-06-04',4,210),('2020-06-05',15,225),('2020-06-06',8,233),('2020-06-07',6,239),('2020-06-08',7,246),('2020-06-09',4,250),('2020-06-10',11,261),('2020-06-11',6,267),('2020-06-12',8,275),('2020-06-13',6,281),('2020-06-14',3,284),('2020-06-15',4,288),('2020-06-16',8,296),('2020-06-17',14,310),('2020-06-18',2,312),('2020-06-19',10,322),('2020-06-20',8,330),('2020-06-21',9,339),('2020-06-22',13,352),('2020-06-23',13,365),('2020-06-24',14,379),('2020-06-25',9,388),('2020-06-26',10,398),('2020-06-27',9,407),('2020-06-28',14,421),('2020-06-29',11,432),('2020-06-30',20,452),('2020-07-01',19,471),('2020-07-02',11,482),('2020-07-03',7,489),('2020-07-04',8,497),('2020-07-05',5,502),('2020-07-06',17,519),('2020-07-07',21,540),('2020-07-08',19,559),('2020-07-09',18,577),('2020-07-10',19,596),('2020-07-11',22,618),('2020-07-12',15,633),('2020-07-13',30,663),('2020-07-14',29,692),('2020-07-15',32,724),('2020-07-16',67,791),('2020-07-17',41,832),('2020-07-18',55,887),('2020-07-19',99,986),('2020-07-20',65,1051),('2020-07-21',43,1094),('2020-07-22',43,1137),('2020-07-23',93,1230),('2020-07-24',48,1278),('2020-07-25',139,1417),('2020-07-26',114,1531),('2020-07-27',94,1625),('2020-07-28',171,1796),('2020-07-29',128,1924),('2020-07-30',61,1985),('2020-07-31',104,2089),('2020-08-01',139,2228),('2020-08-02',104,2332),('2020-08-03',39,2371),('2020-08-04',76,2447),('2020-08-05',76,2523),('2020-08-06',242,2765),('2020-08-07',87,2852),('2020-08-08',108,2960),('2020-08-09',114,3074),('2020-08-10',166,3240),('2020-08-11',46,3286),('2020-08-12',84,3370),('2020-08-13',106,3476),('2020-08-14',197,3673),('2020-08-15',290,3963),('2020-08-16',226,4189),('2020-08-17',166,4355),('2020-08-18',101,4456),('2020-08-19',237,4693),('2020-08-20',221,4914),('2020-08-21',167,5081),('2020-08-22',130,5211),('2020-08-23',182,5393),('2020-08-24',150,5543),('2020-08-25',253,5796),('2020-08-26',152,5948),('2020-08-27',78,6026),('2020-08-28',144,6170),('2020-08-29',200,6370),('2020-08-30',141,6511),('2020-08-31',76,6587),('2020-09-01',146,6733),('2020-09-02',78,6811),('2020-09-03',146,6957),('2020-09-04',75,7032),('2020-09-05',93,7125),('2020-09-06',154,7279),('2020-09-07',121,7400),('2020-09-08',87,7487),('2020-09-09',58,7545),('2020-09-10',161,7706),('2020-09-11',85,7791),('2020-09-12',50,7841),('2020-09-13',38,7879),('2020-09-14',72,7951),('2020-09-15',9,7960),('2020-09-16',22,7982),('2020-09-17',16,7998),('2020-09-18',51,8049),('2020-09-19',62,8111),('2020-09-20',40,8151),('2020-09-21',79,8230),('2020-09-22',46,8276),('2020-09-23',90,8366),('2020-09-24',109,8475),('2020-09-25',111,8586),('2020-09-26',78,8664),('2020-09-27',65,8729),('2020-09-28',67,8796),('2020-09-29',93,8889),('2020-09-30',115,9004),('2020-10-01',41,9045),('2020-10-02',17,9062),('2020-10-03',39,9101),('2020-10-04',24,9125),('2020-10-05',1,9126),('2020-10-06',6,9132),('2020-10-07',3,9135),('2020-10-08',16,9151),('2020-10-09',7,9158),('2020-10-10',7,9165),('2020-10-11',41,9206),('2020-10-12',56,9262),('2020-10-13',97,9359),('2020-10-14',76,9435),('2020-10-15',94,9529),('2020-10-16',36,9565),('2020-10-17',49,9614),('2020-10-18',51,9665),('2020-10-19',49,9714),('2020-10-20',43,9757),('2020-10-21',34,9791),('2020-10-22',44,9835),('2020-10-23',82,9917),('2020-10-24',26,9943),('2020-10-25',19,9962),('2020-10-26',34,9996),('2020-10-27',59,10055),('2020-10-28',34,10089),('2020-10-29',29,10118),('2020-10-30',28,10146),('2020-10-31',44,10190),('2020-11-01',78,10268),('2020-11-02',58,10326),('2020-11-03',42,10368),('2020-11-04',89,10457),('2020-11-05',56,10513),('2020-11-06',45,10558),('2020-11-07',51,10609),('2020-11-08',49,10658),('2020-11-09',70,10728),('2020-11-10',46,10774),('2020-11-11',111,10885),('2020-11-12',60,10945),('2020-11-13',22,10967),('2020-11-14',88,11055),('2020-11-15',86,11141),('2020-11-16',127,11268),('2020-11-17',79,11347),('2020-11-18',57,11404),('2020-11-19',38,11442),('2020-11-20',55,11497),('2020-11-21',59,11556),('2020-11-22',84,11640),('2020-11-23',85,11725),('2020-11-24',106,11831),('2020-11-25',57,11888),('2020-11-26',57,11945),('2020-11-27',57,12002),('2020-11-28',112,12114),('2020-11-29',144,12258),('2020-11-30',80,12338),('2020-12-01',90,12428),('2020-12-02',124,12552),('2020-12-03',68,12620),('2020-12-04',57,12677),('2020-12-05',112,12789),('2020-12-06',98,12887),('2020-12-07',104,12991),('2020-12-08',151,13142),('2020-12-09',98,13240),('2020-12-10',100,13340),('2020-12-11',98,13438),('2020-12-12',53,13491),('2020-12-13',33,13524),('2020-12-14',83,13607),('2020-12-15',97,13704),('2020-12-16',110,13814),('2020-12-17',101,13915),('2020-12-18',138,14053),('2020-12-19',133,14186),('2020-12-20',107,14293),('2020-12-21',167,14460),('2020-12-22',126,14586),('2020-12-23',115,14701),('2020-12-24',201,14902),('2020-12-25',199,15101),('2020-12-26',219,15320),('2020-12-27',154,15474),('2020-12-28',168,15642),('2020-12-29',130,15772),('2020-12-30',129,15901),('2020-12-31',63,15964),('2021-01-01',80,16044),('2021-01-02',51,16095),('2021-01-03',76,16171),('2021-01-04',107,16278),('2021-01-05',51,16329),('2021-01-06',53,16382);
/*!40000 ALTER TABLE `recuperados` ENABLE KEYS */;
UNLOCK TABLES;
/*!40103 SET TIME_ZONE=@OLD_TIME_ZONE */;

/*!40101 SET SQL_MODE=@OLD_SQL_MODE */;
/*!40014 SET FOREIGN_KEY_CHECKS=@OLD_FOREIGN_KEY_CHECKS */;
/*!40014 SET UNIQUE_CHECKS=@OLD_UNIQUE_CHECKS */;
/*!40101 SET CHARACTER_SET_CLIENT=@OLD_CHARACTER_SET_CLIENT */;
/*!40101 SET CHARACTER_SET_RESULTS=@OLD_CHARACTER_SET_RESULTS */;
/*!40101 SET COLLATION_CONNECTION=@OLD_COLLATION_CONNECTION */;
/*!40111 SET SQL_NOTES=@OLD_SQL_NOTES */;

-- Dump completed on 2021-01-08  1:59:01
