-- MySQL dump 10.14  Distrib 5.5.65-MariaDB, for Linux (x86_64)
--
-- Host: localhost    Database: labmoirasdb
-- ------------------------------------------------------
-- Server version	5.5.65-MariaDB

/*!40101 SET @OLD_CHARACTER_SET_CLIENT=@@CHARACTER_SET_CLIENT */;
/*!40101 SET @OLD_CHARACTER_SET_RESULTS=@@CHARACTER_SET_RESULTS */;
/*!40101 SET @OLD_COLLATION_CONNECTION=@@COLLATION_CONNECTION */;
/*!40101 SET NAMES utf8 */;
/*!40103 SET @OLD_TIME_ZONE=@@TIME_ZONE */;
/*!40103 SET TIME_ZONE='+00:00' */;
/*!40014 SET @OLD_UNIQUE_CHECKS=@@UNIQUE_CHECKS, UNIQUE_CHECKS=0 */;
/*!40014 SET @OLD_FOREIGN_KEY_CHECKS=@@FOREIGN_KEY_CHECKS, FOREIGN_KEY_CHECKS=0 */;
/*!40101 SET @OLD_SQL_MODE=@@SQL_MODE, SQL_MODE='NO_AUTO_VALUE_ON_ZERO' */;
/*!40111 SET @OLD_SQL_NOTES=@@SQL_NOTES, SQL_NOTES=0 */;

--
-- Table structure for table `casospositivos`
--

DROP TABLE IF EXISTS `casospositivos`;
/*!40101 SET @saved_cs_client     = @@character_set_client */;
/*!40101 SET character_set_client = utf8 */;
CREATE TABLE `casospositivos` (
  `dia` varchar(255) DEFAULT NULL,
  `registros` int(11) DEFAULT NULL,
  `casos` int(11) DEFAULT NULL
) ENGINE=MyISAM DEFAULT CHARSET=latin1;
/*!40101 SET character_set_client = @saved_cs_client */;

--
-- Dumping data for table `casospositivos`
--

LOCK TABLES `casospositivos` WRITE;
/*!40000 ALTER TABLE `casospositivos` DISABLE KEYS */;
INSERT INTO `casospositivos` VALUES ('2020-03-18',1,1),('2020-03-20',1,2),('2020-03-21',1,3),('2020-03-22',1,4),('2020-03-24',1,5),('2020-03-25',4,9),('2020-03-26',3,12),('2020-03-27',3,15),('2020-03-28',1,16),('2020-03-29',1,17),('2020-03-30',2,19),('2020-03-31',3,22),('2020-04-02',1,23),('2020-04-03',8,31),('2020-04-04',6,37),('2020-04-05',3,40),('2020-04-06',2,42),('2020-04-07',7,49),('2020-04-08',9,58),('2020-04-09',7,65),('2020-04-10',1,66),('2020-04-11',2,68),('2020-04-12',6,74),('2020-04-13',2,76),('2020-04-14',13,89),('2020-04-15',3,92),('2020-04-16',9,101),('2020-04-17',12,113),('2020-04-18',8,121),('2020-04-19',2,123),('2020-04-20',4,127),('2020-04-21',6,133),('2020-04-22',2,135),('2020-04-23',3,138),('2020-04-24',4,142),('2020-04-25',14,156),('2020-04-26',10,166),('2020-04-27',11,177),('2020-04-28',3,180),('2020-04-29',5,185),('2020-04-30',10,195),('2020-05-02',2,197),('2020-05-03',1,198),('2020-05-04',4,202),('2020-05-05',3,205),('2020-05-06',8,213),('2020-05-07',7,220),('2020-05-08',7,227),('2020-05-09',8,235),('2020-05-10',1,236),('2020-05-11',12,248),('2020-05-12',2,250),('2020-05-13',5,255),('2020-05-14',9,264),('2020-05-15',5,269),('2020-05-16',13,282),('2020-05-17',1,283),('2020-05-18',7,290),('2020-05-19',14,304),('2020-05-20',12,316),('2020-05-21',9,325),('2020-05-22',7,332),('2020-05-23',9,341),('2020-05-24',6,347),('2020-05-25',19,366),('2020-05-26',15,381),('2020-05-27',17,398),('2020-05-28',6,404),('2020-05-29',13,417),('2020-05-30',24,441),('2020-05-31',6,447),('2020-06-01',6,453),('2020-06-02',6,459),('2020-06-03',9,468),('2020-06-04',8,476),('2020-06-05',10,486),('2020-06-06',10,496),('2020-06-07',3,499),('2020-06-08',22,521),('2020-06-09',24,545),('2020-06-10',21,566),('2020-06-11',20,586),('2020-06-12',17,603),('2020-06-13',19,622),('2020-06-14',18,640),('2020-06-15',24,664),('2020-06-16',40,704),('2020-06-17',44,748),('2020-06-18',55,803),('2020-06-19',57,860),('2020-06-20',59,919),('2020-06-21',38,957),('2020-06-22',47,1004),('2020-06-23',113,1117),('2020-06-24',105,1222),('2020-06-25',76,1298),('2020-06-26',111,1409),('2020-06-27',89,1498),('2020-06-28',73,1571),('2020-06-29',108,1679),('2020-06-30',132,1811),('2020-07-01',121,1932),('2020-07-02',163,2095),('2020-07-03',109,2204),('2020-07-04',134,2338),('2020-07-05',91,2429),('2020-07-06',78,2507),('2020-07-07',127,2634),('2020-07-08',101,2735),('2020-07-09',145,2880),('2020-07-10',147,3027),('2020-07-11',111,3138),('2020-07-12',124,3262),('2020-07-13',84,3346),('2020-07-14',140,3486),('2020-07-15',120,3606),('2020-07-16',112,3718),('2020-07-17',188,3906),('2020-07-18',140,4046),('2020-07-19',131,4177),('2020-07-20',69,4246),('2020-07-21',133,4379),('2020-07-22',195,4574),('2020-07-23',159,4733),('2020-07-24',192,4925),('2020-07-25',191,5116),('2020-07-26',114,5230),('2020-07-27',167,5397),('2020-07-28',161,5558),('2020-07-29',163,5721),('2020-07-30',151,5872),('2020-07-31',149,6021),('2020-08-01',230,6251),('2020-08-02',75,6326),('2020-08-03',202,6528),('2020-08-04',147,6675),('2020-08-05',176,6851),('2020-08-06',170,7021),('2020-08-07',102,7123),('2020-08-08',114,7237),('2020-08-09',36,7273),('2020-08-10',174,7447),('2020-08-11',96,7543),('2020-08-12',85,7628),('2020-08-13',132,7760),('2020-08-14',75,7835),('2020-08-15',85,7920),('2020-08-16',87,8007),('2020-08-17',89,8096),('2020-08-18',88,8184),('2020-08-19',79,8263),('2020-08-20',53,8316),('2020-08-21',83,8399),('2020-08-22',98,8497),('2020-08-23',51,8548),('2020-08-24',87,8635),('2020-08-25',57,8692),('2020-08-26',84,8776),('2020-08-27',77,8853),('2020-08-28',68,8921),('2020-08-29',85,9006),('2020-08-30',38,9044),('2020-08-31',101,9145),('2020-09-01',50,9195),('2020-09-02',65,9260),('2020-09-03',57,9317),('2020-09-04',81,9398),('2020-09-05',83,9481),('2020-09-06',35,9516),('2020-09-07',70,9586),('2020-09-08',60,9646),('2020-09-09',28,9674),('2020-09-10',47,9721),('2020-09-11',60,9781),('2020-09-12',81,9862),('2020-09-13',37,9899),('2020-09-14',50,9949),('2020-09-15',55,10004),('2020-09-16',29,10033),('2020-09-17',48,10081),('2020-09-18',50,10131),('2020-09-19',49,10180),('2020-09-20',15,10195),('2020-09-21',44,10239),('2020-09-22',44,10283),('2020-09-23',32,10315),('2020-09-24',87,10402),('2020-09-25',56,10458),('2020-09-26',94,10552),('2020-09-27',29,10581),('2020-09-28',75,10656),('2020-09-29',30,10686),('2020-09-30',33,10719),('2020-10-01',35,10754),('2020-10-02',48,10802),('2020-10-03',51,10853),('2020-10-04',19,10872),('2020-10-05',47,10919),('2020-10-06',23,10942),('2020-10-07',34,10976),('2020-10-08',67,11043),('2020-10-09',42,11085),('2020-10-10',26,11111),('2020-10-11',27,11138),('2020-10-12',26,11164),('2020-10-13',35,11199),('2020-10-14',17,11216),('2020-10-15',39,11255),('2020-10-16',51,11306),('2020-10-17',66,11372),('2020-10-18',45,11417),('2020-10-19',71,11488),('2020-10-20',88,11576),('2020-10-21',55,11631),('2020-10-22',63,11694),('2020-10-23',64,11758),('2020-10-24',38,11796),('2020-10-25',33,11829),('2020-10-26',73,11902),('2020-10-27',85,11987),('2020-10-28',32,12019),('2020-10-29',52,12071),('2020-10-30',46,12117),('2020-10-31',67,12184),('2020-11-01',138,12322),('2020-11-02',66,12388),('2020-11-03',111,12499),('2020-11-04',27,12526),('2020-11-05',47,12573),('2020-11-06',81,12654),('2020-11-07',99,12753),('2020-11-08',56,12809),('2020-11-09',181,12990),('2020-11-10',125,13115),('2020-11-11',54,13169),('2020-11-12',65,13234),('2020-11-13',69,13303),('2020-11-14',62,13365),('2020-11-15',83,13448),('2020-11-16',53,13501),('2020-11-17',86,13587),('2020-11-18',45,13632),('2020-11-19',100,13732),('2020-11-20',111,13843),('2020-11-21',125,13968),('2020-11-22',62,14030),('2020-11-23',154,14184),('2020-11-24',98,14282),('2020-11-25',77,14359),('2020-11-26',104,14463),('2020-11-27',106,14569),('2020-11-28',96,14665),('2020-11-29',39,14704),('2020-11-30',125,14829),('2020-12-01',120,14949),('2020-12-02',149,15098),('2020-12-03',118,15216),('2020-12-04',112,15328),('2020-12-05',112,15440),('2020-12-06',97,15537),('2020-12-07',142,15679),('2020-12-08',97,15776),('2020-12-09',137,15913),('2020-12-10',181,16094),('2020-12-11',158,16252),('2020-12-12',126,16378),('2020-12-13',120,16498),('2020-12-14',138,16636),('2020-12-15',128,16764),('2020-12-16',99,16863),('2020-12-17',154,17017),('2020-12-18',105,17122),('2020-12-19',123,17245),('2020-12-20',50,17295),('2020-12-21',97,17392),('2020-12-22',130,17522),('2020-12-23',82,17604),('2020-12-24',139,17743),('2020-12-25',81,17824),('2020-12-26',155,17979),('2020-12-27',104,18083),('2020-12-28',240,18323),('2020-12-29',139,18462),('2020-12-30',101,18563),('2020-12-31',61,18624),('2021-01-01',45,18669),('2021-01-02',197,18866),('2021-01-03',102,18968),('2021-01-04',191,19159),('2021-01-05',177,19336),('2021-01-06',114,19450),('2021-01-07',163,19613),('2021-01-08',227,19840),('2021-01-09',173,20013),('2021-01-10',82,20095),('2021-01-11',119,20214),('2021-01-12',175,20389),('2021-01-13',157,20546),('2021-01-14',123,20669),('2021-01-15',139,20808),('2021-01-16',85,20893),('2021-01-17',108,21001),('2021-01-18',105,21106),('2021-01-19',120,21226),('2021-01-20',168,21394),('2021-01-21',88,21482),('2021-01-22',93,21575),('2021-01-23',173,21748),('2021-01-24',70,21818),('2021-01-25',100,21918),('2021-01-26',66,21984),('2021-01-27',69,22053),('2021-01-28',66,22119),('2021-01-29',62,22181),('2021-01-30',116,22297),('2021-01-31',42,22339),('2021-02-01',123,22462),('2021-02-02',53,22515),('2021-02-03',45,22560),('2021-02-04',92,22652),('2021-02-05',101,22753),('2021-02-06',53,22806),('2021-02-07',127,22933),('2021-02-08',53,22986),('2021-02-09',72,23058),('2021-02-10',60,23118),('2021-02-11',135,23253),('2021-02-12',86,23339),('2021-02-13',50,23389),('2021-02-14',113,23502),('2021-02-15',137,23639),('2021-02-16',95,23734),('2021-02-17',76,23810),('2021-02-18',176,23986),('2021-02-19',244,24230),('2021-02-20',125,24355),('2021-02-21',217,24572),('2021-02-22',161,24733),('2021-02-23',210,24943),('2021-02-24',89,25032),('2021-02-25',214,25246),('2021-02-26',160,25406),('2021-02-27',251,25657),('2021-02-28',197,25854),('2021-03-01',208,26062),('2021-03-02',195,26257),('2021-03-03',181,26438),('2021-03-04',237,26675),('2021-03-05',222,26897),('2021-03-06',225,27122),('2021-03-07',224,27346),('2021-03-08',276,27622),('2021-03-09',277,27899),('2021-03-10',260,28159),('2021-03-11',298,28457),('2021-03-12',347,28804),('2021-03-13',293,29097),('2021-03-14',327,29424),('2021-03-15',390,29814),('2021-03-16',491,30305),('2021-03-17',313,30618),('2021-03-18',629,31247),('2021-03-19',408,31655),('2021-03-20',303,31958),('2021-03-21',398,32356),('2021-03-22',185,32541),('2021-03-23',404,32945),('2021-03-24',304,33249),('2021-03-25',407,33656),('2021-03-26',425,34081),('2021-03-27',300,34381),('2021-03-28',210,34591),('2021-03-29',480,35071),('2021-03-30',462,35533),('2021-03-31',320,35853),('2021-04-01',322,36175),('2021-04-02',347,36522),('2021-04-03',364,36886),('2021-04-04',328,37214),('2021-04-05',429,37643),('2021-04-06',404,38047),('2021-04-07',269,38316),('2021-04-08',568,38884),('2021-04-09',599,39483),('2021-04-10',465,39948),('2021-04-11',214,40162),('2021-04-12',398,40560),('2021-04-13',350,40910),('2021-04-14',343,41253),('2021-04-15',539,41792),('2021-04-16',630,42422),('2021-04-17',346,42768),('2021-04-18',265,43033),('2021-04-19',454,43487),('2021-04-20',211,43698),('2021-04-21',237,43935),('2021-04-22',369,44304),('2021-04-23',252,44556),('2021-04-24',239,44795),('2021-04-25',228,45023),('2021-04-26',355,45378),('2021-04-27',275,45653),('2021-04-28',164,45817),('2021-04-29',261,46078),('2021-04-30',306,46384),('2021-05-01',269,46653),('2021-05-02',194,46847),('2021-05-03',367,47214),('2021-05-04',288,47502),('2021-05-05',168,47670),('2021-05-06',252,47922),('2021-05-07',352,48274),('2021-05-08',245,48519),('2021-05-09',234,48753),('2021-05-10',332,49085),('2021-05-11',376,49461),('2021-05-12',266,49727),('2021-05-13',376,50103),('2021-05-14',283,50386),('2021-05-15',267,50653),('2021-05-16',221,50874),('2021-05-17',315,51189),('2021-05-18',235,51424),('2021-05-19',195,51619),('2021-05-20',257,51876),('2021-05-21',268,52144),('2021-05-22',192,52336),('2021-05-23',143,52479),('2021-05-24',234,52713),('2021-05-25',212,52925),('2021-05-26',144,53069),('2021-05-27',147,53216),('2021-05-28',219,53435),('2021-05-29',171,53606),('2021-05-30',156,53762),('2021-05-31',248,54010),('2021-06-01',206,54216),('2021-06-02',132,54348),('2021-06-03',153,54501),('2021-06-04',292,54793),('2021-06-05',178,54971),('2021-06-06',121,55092),('2021-06-07',121,55213),('2021-06-08',172,55385),('2021-06-09',135,55520),('2021-06-10',271,55791),('2021-06-11',201,55992),('2021-06-12',172,56164),('2021-06-13',188,56352),('2021-06-14',195,56547),('2021-06-15',218,56765),('2021-06-16',122,56887),('2021-06-17',242,57129),('2021-06-18',239,57368),('2021-06-19',206,57574),('2021-06-20',227,57801),('2021-06-21',312,58113),('2021-06-22',228,58341),('2021-06-23',238,58579),('2021-06-24',227,58806),('2021-06-25',201,59007),('2021-06-26',203,59210),('2021-06-27',157,59367),('2021-06-28',292,59659),('2021-06-29',327,59986),('2021-06-30',152,60138),('2021-07-01',168,60306),('2021-07-02',255,60561),('2021-07-03',110,60671),('2021-07-04',123,60794),('2021-07-05',97,60891),('2021-07-06',181,61072),('2021-07-07',156,61228),('2021-07-08',204,61432),('2021-07-09',123,61555),('2021-07-10',172,61727),('2021-07-11',110,61837),('2021-07-12',185,62022),('2021-07-13',181,62203),('2021-07-14',179,62382),('2021-07-15',185,62567),('2021-07-16',133,62700),('2021-07-17',72,62772),('2021-07-18',64,62836),('2021-07-19',72,62908),('2021-07-20',41,62949),('2021-07-21',85,63034),('2021-07-22',109,63143),('2021-07-23',85,63228),('2021-07-24',110,63338),('2021-07-25',61,63399),('2021-07-26',88,63487),('2021-07-27',53,63540),('2021-07-28',97,63637),('2021-07-29',107,63744),('2021-07-30',51,63795),('2021-07-31',71,63866),('2021-08-01',61,63927),('2021-08-02',119,64046),('2021-08-03',70,64116),('2021-08-04',51,64167),('2021-08-05',63,64230),('2021-08-06',78,64308),('2021-08-07',44,64352),('2021-08-08',55,64407),('2021-08-09',104,64511),('2021-08-10',71,64582),('2021-08-11',47,64629),('2021-08-12',61,64690),('2021-08-13',48,64738),('2021-08-14',32,64770),('2021-08-15',54,64824),('2021-08-16',37,64861),('2021-08-17',59,64920),('2021-08-18',28,64948),('2021-08-19',47,64995),('2021-08-20',64,65059),('2021-08-21',57,65116),('2021-08-22',20,65136),('2021-08-23',43,65179),('2021-08-24',53,65232),('2021-08-25',35,65267),('2021-08-26',58,65325),('2021-08-27',47,65372),('2021-08-28',41,65413),('2021-08-29',43,65456),('2021-08-30',40,65496),('2021-08-31',27,65523),('2021-09-01',32,65555),('2021-09-02',83,65638),('2021-09-03',48,65686),('2021-09-04',39,65725),('2021-09-05',25,65750),('2021-09-06',49,65799),('2021-09-07',44,65843),('2021-09-08',23,65866),('2021-09-09',60,65926),('2021-09-10',54,65980),('2021-09-11',52,66032),('2021-09-12',23,66055),('2021-09-13',52,66107),('2021-09-14',43,66150),('2021-09-15',36,66186),('2021-09-16',67,66253),('2021-09-17',52,66305),('2021-09-18',52,66357),('2021-09-19',53,66410),('2021-09-20',74,66484),('2021-09-21',44,66528),('2021-09-22',56,66584),('2021-09-23',102,66686),('2021-09-24',78,66764),('2021-09-25',78,66842),('2021-09-26',61,66903),('2021-09-27',72,66975),('2021-09-28',48,67023),('2021-09-29',32,67055),('2021-09-30',49,67104),('2021-10-01',24,67128),('2021-10-02',37,67165),('2021-10-03',18,67183),('2021-10-04',32,67215),('2021-10-05',19,67234),('2021-10-06',14,67248),('2021-10-07',25,67273),('2021-10-08',18,67291),('2021-10-09',11,67302),('2021-10-10',3,67305),('2021-10-11',63,67368),('2021-10-12',32,67400),('2021-10-13',8,67408),('2021-10-14',1,67409);
/*!40000 ALTER TABLE `casospositivos` ENABLE KEYS */;
UNLOCK TABLES;

--
-- Table structure for table `edadesgenero`
--

DROP TABLE IF EXISTS `edadesgenero`;
/*!40101 SET @saved_cs_client     = @@character_set_client */;
/*!40101 SET character_set_client = utf8 */;
CREATE TABLE `edadesgenero` (
  `rango` varchar(255) DEFAULT NULL,
  `cant` int(11) DEFAULT NULL,
  `porcen` float DEFAULT NULL,
  `edadesF` int(11) DEFAULT NULL,
  `edadesM` int(11) DEFAULT NULL
) ENGINE=MyISAM DEFAULT CHARSET=latin1;
/*!40101 SET character_set_client = @saved_cs_client */;

--
-- Dumping data for table `edadesgenero`
--

LOCK TABLES `edadesgenero` WRITE;
/*!40000 ALTER TABLE `edadesgenero` DISABLE KEYS */;
INSERT INTO `edadesgenero` VALUES ('0-9',2794,4.14485,1385,1409),('10-19',6055,8.98248,3163,2892),('20-29',13052,19.3624,7153,5899),('30-39',14699,21.8057,7726,6973),('40-49',11514,17.0808,6154,5360),('50-59',9200,13.648,4995,4205),('60-69',5815,8.62644,3222,2593),('70-79',2900,4.3021,1515,1385),('80-89',1130,1.67633,627,503),('90-99',240,0.356036,143,97),('100+',10,0.0148348,8,2);
/*!40000 ALTER TABLE `edadesgenero` ENABLE KEYS */;
UNLOCK TABLES;

--
-- Table structure for table `enviardatos`
--

DROP TABLE IF EXISTS `enviardatos`;
/*!40101 SET @saved_cs_client     = @@character_set_client */;
/*!40101 SET character_set_client = utf8 */;
CREATE TABLE `enviardatos` (
  `nombre` varchar(255) DEFAULT NULL,
  `correo` varchar(255) DEFAULT NULL
) ENGINE=MyISAM DEFAULT CHARSET=latin1;
/*!40101 SET character_set_client = @saved_cs_client */;

--
-- Dumping data for table `enviardatos`
--

LOCK TABLES `enviardatos` WRITE;
/*!40000 ALTER TABLE `enviardatos` DISABLE KEYS */;
/*!40000 ALTER TABLE `enviardatos` ENABLE KEYS */;
UNLOCK TABLES;

--
-- Table structure for table `fallecidos`
--

DROP TABLE IF EXISTS `fallecidos`;
/*!40101 SET @saved_cs_client     = @@character_set_client */;
/*!40101 SET character_set_client = utf8 */;
CREATE TABLE `fallecidos` (
  `dia` varchar(255) DEFAULT NULL,
  `registros` int(11) DEFAULT NULL,
  `casos` int(11) DEFAULT NULL
) ENGINE=MyISAM DEFAULT CHARSET=latin1;
/*!40101 SET character_set_client = @saved_cs_client */;

--
-- Dumping data for table `fallecidos`
--

LOCK TABLES `fallecidos` WRITE;
/*!40000 ALTER TABLE `fallecidos` DISABLE KEYS */;
INSERT INTO `fallecidos` VALUES ('2020-03-23',1,1),('2020-03-28',1,2),('2020-04-05',1,3),('2020-04-07',1,4),('2020-04-08',1,5),('2020-04-09',1,6),('2020-04-12',2,8),('2020-04-18',2,10),('2020-04-22',1,11),('2020-04-23',1,12),('2020-04-26',2,14),('2020-04-30',1,15),('2020-05-02',1,16),('2020-05-04',2,18),('2020-05-05',1,19),('2020-05-07',1,20),('2020-05-09',1,21),('2020-05-23',2,23),('2020-05-29',1,24),('2020-06-02',1,25),('2020-06-10',3,28),('2020-06-11',2,30),('2020-06-12',1,31),('2020-06-14',3,34),('2020-06-15',1,35),('2020-06-16',3,38),('2020-06-17',2,40),('2020-06-18',5,45),('2020-06-19',2,47),('2020-06-20',1,48),('2020-06-21',1,49),('2020-06-22',2,51),('2020-06-23',2,53),('2020-06-24',3,56),('2020-06-25',3,59),('2020-06-26',3,62),('2020-06-27',2,64),('2020-06-28',3,67),('2020-06-29',2,69),('2020-06-30',4,73),('2020-07-01',9,82),('2020-07-02',7,89),('2020-07-03',4,93),('2020-07-04',1,94),('2020-07-05',7,101),('2020-07-06',8,109),('2020-07-07',2,111),('2020-07-08',6,117),('2020-07-09',6,123),('2020-07-10',2,125),('2020-07-11',11,136),('2020-07-12',4,140),('2020-07-13',1,141),('2020-07-14',3,144),('2020-07-15',6,150),('2020-07-16',8,158),('2020-07-17',7,165),('2020-07-18',7,172),('2020-07-19',4,176),('2020-07-20',3,179),('2020-07-21',9,188),('2020-07-22',5,193),('2020-07-23',4,197),('2020-07-24',6,203),('2020-07-25',6,209),('2020-07-26',4,213),('2020-07-27',7,220),('2020-07-28',8,228),('2020-07-29',6,234),('2020-07-30',6,240),('2020-07-31',8,248),('2020-08-01',5,253),('2020-08-02',3,256),('2020-08-03',10,266),('2020-08-04',4,270),('2020-08-05',8,278),('2020-08-06',4,282),('2020-08-07',3,285),('2020-08-08',7,292),('2020-08-09',3,295),('2020-08-10',8,303),('2020-08-11',8,311),('2020-08-12',4,315),('2020-08-13',8,323),('2020-08-14',6,329),('2020-08-15',7,336),('2020-08-16',8,344),('2020-08-17',5,349),('2020-08-18',3,352),('2020-08-19',5,357),('2020-08-20',2,359),('2020-08-21',7,366),('2020-08-22',5,371),('2020-08-23',3,374),('2020-08-24',8,382),('2020-08-25',4,386),('2020-08-26',6,392),('2020-08-27',7,399),('2020-08-28',7,406),('2020-08-29',1,407),('2020-08-30',2,409),('2020-08-31',6,415),('2020-09-01',1,416),('2020-09-02',2,418),('2020-09-03',6,424),('2020-09-04',5,429),('2020-09-05',3,432),('2020-09-06',6,438),('2020-09-07',3,441),('2020-09-08',2,443),('2020-09-10',1,444),('2020-09-11',2,446),('2020-09-12',1,447),('2020-09-14',4,451),('2020-09-15',2,453),('2020-09-16',3,456),('2020-09-17',3,459),('2020-09-18',4,463),('2020-09-19',2,465),('2020-09-20',3,468),('2020-09-21',2,470),('2020-09-22',2,472),('2020-09-23',1,473),('2020-09-25',1,474),('2020-09-26',4,478),('2020-09-27',4,482),('2020-09-28',1,483),('2020-09-30',2,485),('2020-10-02',2,487),('2020-10-03',2,489),('2020-10-04',1,490),('2020-10-05',2,492),('2020-10-06',1,493),('2020-10-11',1,494),('2020-10-13',3,497),('2020-10-14',3,500),('2020-10-15',1,501),('2020-10-17',1,502),('2020-10-19',1,503),('2020-10-20',1,504),('2020-10-22',2,506),('2020-10-23',1,507),('2020-10-26',1,508),('2020-10-27',1,509),('2020-10-28',1,510),('2020-11-02',1,511),('2020-11-05',1,512),('2020-11-06',2,514),('2020-11-07',2,516),('2020-11-08',2,518),('2020-11-09',1,519),('2020-11-10',2,521),('2020-11-12',3,524),('2020-11-14',2,526),('2020-11-15',1,527),('2020-11-16',1,528),('2020-11-17',2,530),('2020-11-18',1,531),('2020-11-19',4,535),('2020-11-20',1,536),('2020-11-21',1,537),('2020-11-24',2,539),('2020-11-25',4,543),('2020-11-27',1,544),('2020-11-28',4,548),('2020-11-29',3,551),('2020-11-30',3,554),('2020-12-01',1,555),('2020-12-02',1,556),('2020-12-03',2,558),('2020-12-05',2,560),('2020-12-06',1,561),('2020-12-07',2,563),('2020-12-08',1,564),('2020-12-09',2,566),('2020-12-10',1,567),('2020-12-12',3,570),('2020-12-13',2,572),('2020-12-14',4,576),('2020-12-15',4,580),('2020-12-17',4,584),('2020-12-18',1,585),('2020-12-19',2,587),('2020-12-20',4,591),('2020-12-21',6,597),('2020-12-22',2,599),('2020-12-23',2,601),('2020-12-24',1,602),('2020-12-25',1,603),('2020-12-26',2,605),('2020-12-27',1,606),('2020-12-28',1,607),('2020-12-29',3,610),('2020-12-30',4,614),('2020-12-31',3,617),('2021-01-01',4,621),('2021-01-02',3,624),('2021-01-03',6,630),('2021-01-04',2,632),('2021-01-05',4,636),('2021-01-07',4,640),('2021-01-08',1,641),('2021-01-09',3,644),('2021-01-10',1,645),('2021-01-11',4,649),('2021-01-13',2,651),('2021-01-14',3,654),('2021-01-15',5,659),('2021-01-16',1,660),('2021-01-17',3,663),('2021-01-18',1,664),('2021-01-20',2,666),('2021-01-21',2,668),('2021-01-22',4,672),('2021-01-24',2,674),('2021-01-26',3,677),('2021-01-27',1,678),('2021-01-28',4,682),('2021-01-30',1,683),('2021-02-01',4,687),('2021-02-02',3,690),('2021-02-03',3,693),('2021-02-04',2,695),('2021-02-05',3,698),('2021-02-06',3,701),('2021-02-07',2,703),('2021-02-08',2,705),('2021-02-09',2,707),('2021-02-10',2,709),('2021-02-11',2,711),('2021-02-12',2,713),('2021-02-13',1,714),('2021-02-14',2,716),('2021-02-15',4,720),('2021-02-16',1,721),('2021-02-17',1,722),('2021-02-18',1,723),('2021-02-19',2,725),('2021-02-20',4,729),('2021-02-21',2,731),('2021-02-22',3,734),('2021-02-23',2,736),('2021-02-24',1,737),('2021-02-25',4,741),('2021-02-26',2,743),('2021-02-27',2,745),('2021-02-28',4,749),('2021-03-01',1,750),('2021-03-02',4,754),('2021-03-03',5,759),('2021-03-04',3,762),('2021-03-05',6,768),('2021-03-06',9,777),('2021-03-07',3,780),('2021-03-08',3,783),('2021-03-09',5,788),('2021-03-10',6,794),('2021-03-11',1,795),('2021-03-12',2,797),('2021-03-13',8,805),('2021-03-14',10,815),('2021-03-15',8,823),('2021-03-16',7,830),('2021-03-17',9,839),('2021-03-18',6,845),('2021-03-19',5,850),('2021-03-20',10,860),('2021-03-21',8,868),('2021-03-22',16,884),('2021-03-23',7,891),('2021-03-24',7,898),('2021-03-25',13,911),('2021-03-26',11,922),('2021-03-27',7,929),('2021-03-28',10,939),('2021-03-29',9,948),('2021-03-30',9,957),('2021-03-31',14,971),('2021-04-01',5,976),('2021-04-02',8,984),('2021-04-03',14,998),('2021-04-04',23,1021),('2021-04-05',20,1041),('2021-04-06',11,1052),('2021-04-07',12,1064),('2021-04-08',15,1079),('2021-04-09',11,1090),('2021-04-10',15,1105),('2021-04-11',13,1118),('2021-04-12',17,1135),('2021-04-13',17,1152),('2021-04-14',17,1169),('2021-04-15',17,1186),('2021-04-16',16,1202),('2021-04-17',22,1224),('2021-04-18',13,1237),('2021-04-19',21,1258),('2021-04-20',15,1273),('2021-04-21',17,1290),('2021-04-22',13,1303),('2021-04-23',20,1323),('2021-04-24',12,1335),('2021-04-25',9,1344),('2021-04-26',10,1354),('2021-04-27',17,1371),('2021-04-28',13,1384),('2021-04-29',9,1393),('2021-04-30',13,1406),('2021-05-01',16,1422),('2021-05-02',15,1437),('2021-05-03',12,1449),('2021-05-04',8,1457),('2021-05-05',11,1468),('2021-05-06',12,1480),('2021-05-07',11,1491),('2021-05-08',6,1497),('2021-05-09',11,1508),('2021-05-10',6,1514),('2021-05-11',11,1525),('2021-05-12',11,1536),('2021-05-13',8,1544),('2021-05-14',8,1552),('2021-05-15',7,1559),('2021-05-16',14,1573),('2021-05-17',6,1579),('2021-05-18',6,1585),('2021-05-19',8,1593),('2021-05-20',7,1600),('2021-05-21',5,1605),('2021-05-22',5,1610),('2021-05-23',7,1617),('2021-05-24',5,1622),('2021-05-25',14,1636),('2021-05-26',7,1643),('2021-05-27',6,1649),('2021-05-28',5,1654),('2021-05-29',9,1663),('2021-05-30',8,1671),('2021-05-31',8,1679),('2021-06-01',6,1685),('2021-06-02',5,1690),('2021-06-03',10,1700),('2021-06-04',9,1709),('2021-06-05',2,1711),('2021-06-06',7,1718),('2021-06-07',7,1725),('2021-06-08',6,1731),('2021-06-09',7,1738),('2021-06-10',6,1744),('2021-06-11',5,1749),('2021-06-12',3,1752),('2021-06-13',6,1758),('2021-06-14',5,1763),('2021-06-15',2,1765),('2021-06-16',9,1774),('2021-06-17',4,1778),('2021-06-18',4,1782),('2021-06-19',2,1784),('2021-06-20',6,1790),('2021-06-21',6,1796),('2021-06-22',3,1799),('2021-06-23',4,1803),('2021-06-24',4,1807),('2021-06-25',5,1812),('2021-06-26',4,1816),('2021-06-27',2,1818),('2021-06-28',4,1822),('2021-06-29',5,1827),('2021-06-30',8,1835),('2021-07-01',7,1842),('2021-07-02',4,1846),('2021-07-03',7,1853),('2021-07-04',4,1857),('2021-07-05',1,1858),('2021-07-06',4,1862),('2021-07-07',1,1863),('2021-07-08',6,1869),('2021-07-09',3,1872),('2021-07-10',6,1878),('2021-07-11',10,1888),('2021-07-12',4,1892),('2021-07-13',4,1896),('2021-07-14',7,1903),('2021-07-15',1,1904),('2021-07-16',6,1910),('2021-07-17',5,1915),('2021-07-18',12,1927),('2021-07-19',2,1929),('2021-07-20',2,1931),('2021-07-21',5,1936),('2021-07-22',6,1942),('2021-07-23',4,1946),('2021-07-24',2,1948),('2021-07-25',3,1951),('2021-07-26',5,1956),('2021-07-27',3,1959),('2021-07-28',3,1962),('2021-07-29',2,1964),('2021-07-30',5,1969),('2021-07-31',5,1974),('2021-08-01',3,1977),('2021-08-03',3,1980),('2021-08-04',5,1985),('2021-08-05',2,1987),('2021-08-06',1,1988),('2021-08-07',1,1989),('2021-08-08',2,1991),('2021-08-09',2,1993),('2021-08-10',3,1996),('2021-08-11',1,1997),('2021-08-12',1,1998),('2021-08-13',1,1999),('2021-08-14',5,2004),('2021-08-15',1,2005),('2021-08-17',5,2010),('2021-08-18',4,2014),('2021-08-19',2,2016),('2021-08-20',5,2021),('2021-08-21',3,2024),('2021-08-22',1,2025),('2021-08-23',4,2029),('2021-08-24',1,2030),('2021-08-25',1,2031),('2021-08-26',1,2032),('2021-08-27',2,2034),('2021-08-28',1,2035),('2021-08-30',3,2038),('2021-08-31',2,2040),('2021-09-02',2,2042),('2021-09-03',1,2043),('2021-09-04',2,2045),('2021-09-06',1,2046),('2021-09-07',3,2049),('2021-09-08',1,2050),('2021-09-09',2,2052),('2021-09-10',1,2053),('2021-09-13',3,2056),('2021-09-16',2,2058),('2021-09-18',2,2060),('2021-09-20',1,2061),('2021-09-21',2,2063),('2021-09-24',2,2065),('2021-09-25',1,2066),('2021-09-26',1,2067),('2021-09-27',4,2071),('2021-09-28',2,2073),('2021-09-29',1,2074),('2021-09-30',1,2075),('2021-10-01',2,2077),('2021-10-02',4,2081),('2021-10-05',3,2084),('2021-10-06',1,2085),('2021-10-07',2,2087),('2021-10-08',1,2088),('2021-10-11',1,2089);
/*!40000 ALTER TABLE `fallecidos` ENABLE KEYS */;
UNLOCK TABLES;

--
-- Table structure for table `fechacorte`
--

DROP TABLE IF EXISTS `fechacorte`;
/*!40101 SET @saved_cs_client     = @@character_set_client */;
/*!40101 SET character_set_client = utf8 */;
CREATE TABLE `fechacorte` (
  `hora` varchar(255) DEFAULT NULL
) ENGINE=MyISAM DEFAULT CHARSET=latin1;
/*!40101 SET character_set_client = @saved_cs_client */;

--
-- Dumping data for table `fechacorte`
--

LOCK TABLES `fechacorte` WRITE;
/*!40000 ALTER TABLE `fechacorte` DISABLE KEYS */;
INSERT INTO `fechacorte` VALUES ('Sat Oct 16 03:16:04 -05 2021\n');
/*!40000 ALTER TABLE `fechacorte` ENABLE KEYS */;
UNLOCK TABLES;

--
-- Table structure for table `genero`
--

DROP TABLE IF EXISTS `genero`;
/*!40101 SET @saved_cs_client     = @@character_set_client */;
/*!40101 SET character_set_client = utf8 */;
CREATE TABLE `genero` (
  `nF` int(11) DEFAULT NULL,
  `nM` int(11) DEFAULT NULL,
  `porcenF` float DEFAULT NULL,
  `porcenM` float DEFAULT NULL
) ENGINE=MyISAM DEFAULT CHARSET=latin1;
/*!40101 SET character_set_client = @saved_cs_client */;

--
-- Dumping data for table `genero`
--

LOCK TABLES `genero` WRITE;
/*!40000 ALTER TABLE `genero` DISABLE KEYS */;
INSERT INTO `genero` VALUES (36091,31318,53.5403,46.4597);
/*!40000 ALTER TABLE `genero` ENABLE KEYS */;
UNLOCK TABLES;

--
-- Table structure for table `r_efectivo`
--

DROP TABLE IF EXISTS `r_efectivo`;
/*!40101 SET @saved_cs_client     = @@character_set_client */;
/*!40101 SET character_set_client = utf8 */;
CREATE TABLE `r_efectivo` (
  `dia` varchar(255) DEFAULT NULL,
  `rt` float DEFAULT NULL,
  `rt_low` float DEFAULT NULL,
  `rt_high` float DEFAULT NULL
) ENGINE=MyISAM DEFAULT CHARSET=latin1;
/*!40101 SET character_set_client = @saved_cs_client */;

--
-- Dumping data for table `r_efectivo`
--

LOCK TABLES `r_efectivo` WRITE;
/*!40000 ALTER TABLE `r_efectivo` DISABLE KEYS */;
INSERT INTO `r_efectivo` VALUES ('2020-03-18',0.584547,0,8.7055),('2020-03-20',0.740098,0,8.09841),('2020-03-21',0.880385,0.00407238,7.52947),('2020-03-22',1.006,0.0236954,6.99749),('2020-03-24',1.11752,0.0415721,6.50127),('2020-03-25',1.21554,0.0577639,6.03963),('2020-03-26',1.30065,0.0723324,5.61136),('2020-03-27',1.37343,0.0853389,5.21527),('2020-03-28',1.43446,0.0968451,4.85018),('2020-03-29',1.48435,0.106912,4.51487),('2020-03-30',1.52366,0.115602,4.20817),('2020-03-31',1.553,0.122976,3.92887),('2020-04-02',1.57294,0.129095,3.67579),('2020-04-03',1.58408,0.134021,3.44772),('2020-04-04',1.58699,0.137816,3.24348),('2020-04-05',1.58228,0.140541,3.06187),('2020-04-06',1.57052,0.142257,2.90169),('2020-04-07',1.5523,0.143026,2.76175),('2020-04-08',1.52821,0.142909,2.64086),('2020-04-09',1.49883,0.141969,2.53783),('2020-04-10',1.46476,0.140265,2.45145),('2020-04-11',1.42657,0.137861,2.38054),('2020-04-12',1.38486,0.134817,2.3239),('2020-04-13',1.34022,0.131194,2.28034),('2020-04-14',1.29322,0.127055,2.24866),('2020-04-15',1.24447,0.122461,2.22767),('2020-04-16',1.19905,0.11998,2.28018),('2020-04-17',1.15058,0.116576,2.2944),('2020-04-18',1.08188,0.111718,2.27339),('2020-04-19',1.0256,0.106582,2.25437),('2020-04-20',0.938037,0.0943935,2.2079),('2020-04-21',1.00449,0.0997015,2.26811),('2020-04-22',1.00963,0.0950513,2.25902),('2020-04-23',0.988259,0.0823076,2.22302),('2020-04-24',0.937937,0.0749555,2.17905),('2020-04-25',0.895547,0.0695375,2.1478),('2020-04-26',0.873647,0.0631364,2.13089),('2020-04-27',0.859424,0.0557523,2.11697),('2020-04-28',0.826432,0.0473852,2.09282),('2020-04-29',0.830513,0.0449858,2.09857),('2020-04-30',0.832542,0.0434497,2.09965),('2020-05-02',0.812556,0.0339552,2.07767),('2020-05-03',0.810636,0.0322021,2.07733),('2020-05-04',0.823996,0.0340567,2.08879),('2020-05-05',0.827935,0.0248948,2.08642),('2020-05-06',0.867004,0.0323126,2.11549),('2020-05-07',0.869663,0.0349752,2.11496),('2020-05-08',0.868466,0.0366117,2.11288),('2020-05-09',0.882735,0.0391669,2.11836),('2020-05-10',0.873532,0.0391114,2.10773),('2020-05-11',0.911229,0.0600843,2.1422),('2020-05-12',0.903531,0.0620854,2.13121),('2020-05-13',0.934932,0.0687384,2.15407),('2020-05-14',0.931397,0.0638071,2.13984),('2020-05-15',0.923256,0.0530653,2.11913),('2020-05-16',0.906765,0.0530338,2.09978),('2020-05-17',0.900128,0.055985,2.09175),('2020-05-18',0.91082,0.0645942,2.09902),('2020-05-19',0.90428,0.0699681,2.09016),('2020-05-20',0.901036,0.077387,2.08714),('2020-05-21',0.890307,0.0759292,2.07433),('2020-05-22',0.904906,0.0698451,2.08356),('2020-05-23',0.914688,0.0603808,2.08422),('2020-05-24',0.929636,0.0515162,2.0893),('2020-05-25',0.929184,0.0499015,2.08351),('2020-05-26',0.940123,0.05718,2.09038),('2020-05-27',0.995659,0.0897667,2.13542),('2020-05-28',1.01526,0.11275,2.14516),('2020-05-29',0.979311,0.0824121,2.09907),('2020-05-30',0.983817,0.0885572,2.09854),('2020-05-31',1.01494,0.124466,2.12261),('2020-06-01',1.04091,0.140445,2.13822),('2020-06-02',1.08502,0.178744,2.17108),('2020-06-03',1.13755,0.225984,2.21108),('2020-06-04',1.16597,0.247457,2.22245),('2020-06-05',1.16626,0.261655,2.20827),('2020-06-06',1.21794,0.298207,2.24351),('2020-06-07',1.21786,0.312512,2.22916),('2020-06-08',1.2576,0.363303,2.25777),('2020-06-09',1.29436,0.397363,2.27584),('2020-06-10',1.33626,0.446362,2.30366),('2020-06-11',1.40327,0.497867,2.35167),('2020-06-12',1.39252,0.51544,2.32139),('2020-06-13',1.413,0.551535,2.32533),('2020-06-14',1.42961,0.567138,2.32289),('2020-06-15',1.44781,0.58563,2.31969),('2020-06-16',1.47768,0.622035,2.32832),('2020-06-17',1.48542,0.645188,2.31516),('2020-06-18',1.51728,0.675703,2.32426),('2020-06-19',1.4926,0.675842,2.28123),('2020-06-20',1.5242,0.707367,2.29329),('2020-06-21',1.54571,0.730694,2.29207),('2020-06-22',1.52967,0.715156,2.25422),('2020-06-23',1.52299,0.729844,2.22953),('2020-06-24',1.53543,0.747492,2.22034),('2020-06-25',1.59221,0.787499,2.25841),('2020-06-26',1.56069,0.784394,2.20697),('2020-06-27',1.49935,0.75053,2.12886),('2020-06-28',1.47059,0.749491,2.08596),('2020-06-29',1.43243,0.734286,2.03551),('2020-06-30',1.39758,0.724943,1.99011),('2020-07-01',1.3995,0.73528,1.98047),('2020-07-02',1.36037,0.720812,1.93094),('2020-07-03',1.30758,0.708112,1.87159),('2020-07-04',1.2999,0.711185,1.86091),('2020-07-05',1.29737,0.719531,1.85479),('2020-07-06',1.28259,0.71488,1.83453),('2020-07-07',1.22613,0.667922,1.77372),('2020-07-08',1.22512,0.661173,1.76976),('2020-07-09',1.16227,0.609834,1.7016),('2020-07-10',1.13559,0.591322,1.67083),('2020-07-11',1.10129,0.562647,1.63616),('2020-07-12',1.09704,0.562165,1.63259),('2020-07-13',1.12217,0.576045,1.65586),('2020-07-14',1.13697,0.594897,1.67093),('2020-07-15',1.15716,0.607849,1.69395),('2020-07-16',1.09682,0.560566,1.62869),('2020-07-17',1.08041,0.551326,1.61117),('2020-07-18',1.0712,0.543302,1.60211),('2020-07-19',1.08953,0.57098,1.6187),('2020-07-20',1.12453,0.602803,1.65017),('2020-07-21',1.11803,0.604811,1.64195),('2020-07-22',1.12889,0.624908,1.65113),('2020-07-23',1.11566,0.620108,1.63541),('2020-07-24',1.08844,0.601049,1.60596),('2020-07-25',1.09177,0.607608,1.60993),('2020-07-26',1.11971,0.625421,1.63631),('2020-07-27',1.10548,0.619154,1.62),('2020-07-28',1.10516,0.624179,1.61758),('2020-07-29',1.10605,0.614784,1.61575),('2020-07-30',1.08736,0.603255,1.59725),('2020-07-31',1.06625,0.585997,1.57674),('2020-08-01',1.01181,0.54994,1.52327),('2020-08-02',1.00269,0.545181,1.51853),('2020-08-03',0.980089,0.524395,1.49991),('2020-08-04',0.97255,0.517924,1.49526),('2020-08-05',0.996493,0.521581,1.51957),('2020-08-06',0.940203,0.46791,1.46389),('2020-08-07',0.941436,0.458346,1.47024),('2020-08-08',0.899002,0.429131,1.43306),('2020-08-09',0.901888,0.429301,1.44304),('2020-08-10',0.866785,0.394613,1.41285),('2020-08-11',0.831803,0.357196,1.38391),('2020-08-12',0.881192,0.382322,1.43669),('2020-08-13',0.859255,0.360747,1.41953),('2020-08-14',0.84361,0.341159,1.41019),('2020-08-15',0.82067,0.313605,1.3919),('2020-08-16',0.816208,0.302801,1.39408),('2020-08-17',0.830197,0.317115,1.41329),('2020-08-18',0.801638,0.287477,1.39036),('2020-08-19',0.833468,0.302606,1.42821),('2020-08-20',0.843266,0.309027,1.444),('2020-08-21',0.80807,0.287506,1.41661),('2020-08-22',0.828872,0.289479,1.44401),('2020-08-23',0.821712,0.280879,1.44253),('2020-08-24',0.814186,0.271339,1.44083),('2020-08-25',0.80257,0.256154,1.43589),('2020-08-26',0.8173,0.244175,1.45692),('2020-08-27',0.843393,0.268025,1.48687),('2020-08-28',0.807708,0.247427,1.45284),('2020-08-29',0.849265,0.2782,1.50105),('2020-08-30',0.797672,0.226261,1.45423),('2020-08-31',0.812342,0.235161,1.47484),('2020-09-01',0.79757,0.213069,1.46577),('2020-09-02',0.811195,0.219672,1.48564),('2020-09-03',0.789557,0.200361,1.46781),('2020-09-04',0.793975,0.204549,1.47178),('2020-09-05',0.87094,0.270159,1.55587),('2020-09-06',0.881419,0.278955,1.56799),('2020-09-07',0.869158,0.278619,1.55706),('2020-09-08',0.891202,0.30268,1.58165),('2020-09-09',0.90376,0.309891,1.59612),('2020-09-10',0.890569,0.307158,1.58444),('2020-09-11',0.90763,0.313016,1.6031),('2020-09-12',0.911962,0.318076,1.60925),('2020-09-13',0.87914,0.289724,1.57737),('2020-09-14',0.878358,0.291002,1.57973),('2020-09-15',0.875441,0.291074,1.57898),('2020-09-16',0.892499,0.299373,1.59955),('2020-09-17',0.918751,0.318385,1.62898),('2020-09-18',0.892001,0.311829,1.60537),('2020-09-19',0.916675,0.32215,1.63254),('2020-09-20',0.884642,0.307259,1.60081),('2020-09-21',0.869017,0.294728,1.58663),('2020-09-22',0.842926,0.269096,1.5641),('2020-09-23',0.841823,0.265979,1.56623),('2020-09-24',0.835491,0.254388,1.56418),('2020-09-25',0.790238,0.224424,1.52601),('2020-09-26',0.840336,0.266321,1.58243),('2020-09-27',0.837254,0.269529,1.58285),('2020-09-28',0.84951,0.275386,1.59749),('2020-09-29',0.877373,0.286016,1.62542),('2020-09-30',0.92516,0.3139,1.67521),('2020-10-01',0.931078,0.316543,1.68029),('2020-10-02',0.897743,0.299551,1.64967),('2020-10-03',0.948592,0.326229,1.69981),('2020-10-04',0.964505,0.337342,1.714),('2020-10-05',0.958295,0.346597,1.70897),('2020-10-06',0.945024,0.337637,1.69505),('2020-10-07',0.902603,0.289273,1.65466),('2020-10-08',0.957733,0.335008,1.71234),('2020-10-09',0.938503,0.323999,1.69356),('2020-10-10',0.986765,0.349555,1.74217),('2020-10-11',1.0222,0.373761,1.77605),('2020-10-12',0.999161,0.368982,1.74945),('2020-10-13',0.990715,0.359311,1.73842),('2020-10-14',1.0233,0.382865,1.77084),('2020-10-15',0.968349,0.320848,1.71151),('2020-10-16',0.954665,0.323859,1.69655),('2020-10-17',1.00813,0.355844,1.74777),('2020-10-18',1.04298,0.382146,1.78159),('2020-10-19',1.05323,0.39697,1.78793),('2020-10-20',1.12856,0.46451,1.85898),('2020-10-21',1.14417,0.48172,1.86771),('2020-10-22',1.21723,0.543006,1.93303),('2020-10-23',1.19745,0.544512,1.90569),('2020-10-24',1.25645,0.588613,1.95631),('2020-10-25',1.22054,0.575645,1.91318),('2020-10-26',1.19349,0.563766,1.87868),('2020-10-27',1.17072,0.551444,1.84953),('2020-10-28',1.20852,0.579185,1.88233),('2020-10-29',1.18535,0.55731,1.85364),('2020-10-30',1.17884,0.573256,1.84292),('2020-10-31',1.21194,0.600718,1.87217),('2020-11-01',1.19187,0.60095,1.84553),('2020-11-02',1.1826,0.599122,1.83059),('2020-11-03',1.22306,0.639973,1.86743),('2020-11-04',1.25406,0.653632,1.89252),('2020-11-05',1.20182,0.621704,1.83347),('2020-11-06',1.16854,0.604322,1.79559),('2020-11-07',1.12515,0.575069,1.7488),('2020-11-08',1.12051,0.573888,1.74217),('2020-11-09',1.09432,0.568831,1.71428),('2020-11-10',1.09376,0.568123,1.71295),('2020-11-11',1.11378,0.586642,1.735),('2020-11-12',1.11729,0.589708,1.73697),('2020-11-13',1.1263,0.595435,1.74536),('2020-11-14',1.13318,0.599526,1.74921),('2020-11-15',1.13728,0.599913,1.75032),('2020-11-16',1.13551,0.594644,1.74529),('2020-11-17',1.15706,0.608855,1.76408),('2020-11-18',1.17608,0.620606,1.78034),('2020-11-19',1.15398,0.605168,1.75378),('2020-11-20',1.13225,0.591969,1.72838),('2020-11-21',1.16499,0.609006,1.75921),('2020-11-22',1.16587,0.604989,1.75681),('2020-11-23',1.14753,0.597155,1.73905),('2020-11-24',1.13124,0.579019,1.72054),('2020-11-25',1.13316,0.562142,1.72192),('2020-11-26',1.12695,0.550522,1.7124),('2020-11-27',1.15763,0.579296,1.73945),('2020-11-28',1.15751,0.572588,1.73644),('2020-11-29',1.15157,0.563635,1.72632),('2020-11-30',1.13142,0.55408,1.70276),('2020-12-01',1.07125,0.500428,1.6376),('2020-12-02',1.08333,0.507053,1.64969),('2020-12-03',1.03817,0.456196,1.6034),('2020-12-04',1.03333,0.450433,1.59638),('2020-12-05',1.13957,0.542376,1.70082),('2020-12-06',1.19012,0.576239,1.74785),('2020-12-07',1.18851,0.581666,1.74504),('2020-12-08',1.0938,0.50272,1.64191),('2020-12-09',1.09406,0.511296,1.63943),('2020-12-10',1.03987,0.466882,1.58106),('2020-12-11',1.03335,0.46139,1.57409),('2020-12-12',1.03354,0.471063,1.575),('2020-12-13',1.03222,0.472014,1.57288),('2020-12-14',0.97255,0.431525,1.51472),('2020-12-15',1.00331,0.462557,1.54672),('2020-12-16',1.06038,0.507019,1.60566),('2020-12-17',1.09841,0.549713,1.64256),('2020-12-18',1.05718,0.527696,1.5983),('2020-12-19',1.10218,0.578998,1.64221),('2020-12-20',1.1191,0.601567,1.65877),('2020-12-21',1.10685,0.601702,1.64241),('2020-12-22',1.1394,0.622593,1.67161),('2020-12-23',1.14771,0.637144,1.67883),('2020-12-24',1.14432,0.639289,1.67393),('2020-12-25',1.09792,0.620536,1.62421),('2020-12-26',1.09044,0.618155,1.61828),('2020-12-27',1.12354,0.645292,1.65199),('2020-12-28',1.15868,0.684143,1.68772),('2020-12-29',1.11937,0.651817,1.6466),('2020-12-30',1.14303,0.664369,1.66886),('2020-12-31',1.13996,0.668081,1.66581),('2021-01-01',1.14147,0.664648,1.66654),('2021-01-02',1.16254,0.686229,1.68914),('2021-01-03',1.14743,0.675067,1.67241),('2021-01-04',1.15603,0.685025,1.68142),('2021-01-05',1.14192,0.68051,1.66566),('2021-01-06',1.16732,0.694821,1.68909),('2021-01-07',1.10928,0.648116,1.62975),('2021-01-08',1.11032,0.643665,1.63053),('2021-01-09',1.11869,0.646893,1.6418),('2021-01-10',1.07907,0.616626,1.60178),('2021-01-11',1.02509,0.577292,1.5497),('2021-01-12',1.04808,0.592645,1.57611),('2021-01-13',0.980695,0.533777,1.50992),('2021-01-14',0.989661,0.531401,1.52289),('2021-01-15',0.945423,0.508864,1.47922),('2021-01-16',0.93045,0.494239,1.47096),('2021-01-17',0.883241,0.448944,1.42963),('2021-01-18',0.853191,0.423302,1.4042),('2021-01-19',0.884861,0.436816,1.44067),('2021-01-20',0.822921,0.383041,1.38236),('2021-01-21',0.812473,0.369695,1.37924),('2021-01-22',0.802277,0.354705,1.37515),('2021-01-23',0.881493,0.424386,1.46107),('2021-01-24',0.829866,0.36797,1.41282),('2021-01-25',0.761181,0.301904,1.35106),('2021-01-26',0.759316,0.307829,1.35573),('2021-01-27',0.707338,0.267021,1.30692),('2021-01-28',0.803999,0.356134,1.41167),('2021-01-29',0.798308,0.345024,1.40959),('2021-01-30',0.892286,0.418069,1.50997),('2021-01-31',0.903778,0.427703,1.52248),('2021-02-01',0.92142,0.446068,1.53971),('2021-02-02',0.929473,0.448718,1.54978),('2021-02-03',1.00669,0.519042,1.62706),('2021-02-04',1.04459,0.550882,1.6635),('2021-02-05',1.05738,0.574812,1.67226),('2021-02-06',1.08759,0.602253,1.69948),('2021-02-07',1.1264,0.634366,1.7361),('2021-02-08',1.16541,0.665706,1.77131),('2021-02-09',1.18606,0.679826,1.78536),('2021-02-10',1.21924,0.70342,1.81366),('2021-02-11',1.20358,0.697318,1.79557),('2021-02-12',1.21465,0.701757,1.80259),('2021-02-13',1.23528,0.713822,1.81794),('2021-02-14',1.25446,0.721051,1.83158),('2021-02-15',1.295,0.750622,1.86659),('2021-02-16',1.31044,0.767932,1.87565),('2021-02-17',1.31616,0.767969,1.873),('2021-02-18',1.36306,0.804916,1.91354),('2021-02-19',1.33394,0.784576,1.87867),('2021-02-20',1.38489,0.820273,1.9225),('2021-02-21',1.32136,0.765032,1.85164),('2021-02-22',1.34985,0.795144,1.87291),('2021-02-23',1.38032,0.817141,1.89425),('2021-02-24',1.36612,0.809864,1.87041),('2021-02-25',1.43027,0.859772,1.61783),('2021-02-26',1.36331,0.816856,1.60708),('2021-02-27',1.41365,0.868407,1.71176),('2021-02-28',1.3696,0.84202,1.71905),('2021-03-01',1.33109,0.82148,1.72906),('2021-03-02',1.37029,0.856078,1.81713),('2021-03-03',1.41004,0.888094,1.90266),('2021-03-04',1.3152,0.81339,1.84897),('2021-03-05',1.33044,0.834135,1.90517),('2021-03-06',1.32819,0.84675,1.9412),('2021-03-07',1.32426,0.852412,1.97307),('2021-03-08',1.2916,0.83294,1.97242),('2021-03-09',1.31516,0.862703,2.02722),('2021-03-10',1.30415,0.858697,2.04451),('2021-03-11',1.23275,0.809309,2.00067),('2021-03-12',1.23244,0.813485,2.027),('2021-03-13',1.27209,0.84652,2.08902),('2021-03-14',1.18268,0.764628,2.01963),('2021-03-15',1.12195,0.713671,1.97806),('2021-03-16',1.17621,0.771467,2.04969),('2021-03-17',1.25835,0.848796,1.83355),('2021-03-18',1.21887,0.820064,1.86516),('2021-03-19',1.24786,0.857016,1.96278),('2021-03-20',1.24046,0.857737,2.01793),('2021-03-21',1.20552,0.828429,2.0412),('2021-03-22',1.13893,0.783023,2.02671),('2021-03-23',1.20341,0.841652,2.14048),('2021-03-24',1.22334,0.858361,2.2044),('2021-03-25',1.22351,0.86906,2.24154),('2021-03-26',1.24984,0.893176,1.99039),('2021-03-27',1.26037,0.912885,2.09363),('2021-03-28',1.21537,0.878634,2.1318),('2021-03-29',1.21415,0.883766,2.20834),('2021-03-30',1.23228,0.908072,2.29554),('2021-03-31',1.23208,0.9142,2.35584),('2021-04-01',1.18111,0.867656,2.35698),('2021-04-02',1.17233,0.862254,2.39482),('2021-04-03',1.20266,0.881204,2.46424),('2021-04-04',1.18239,0.865897,2.47241),('2021-04-05',1.14381,0.828761,2.4557),('2021-04-06',1.14131,0.827868,2.46977),('2021-04-07',1.17323,0.848247,2.50737),('2021-04-08',1.10681,0.78179,2.44006),('2021-04-09',1.10402,0.776759,2.43052),('2021-04-10',1.1429,0.79943,2.45458),('2021-04-11',1.16201,0.818872,2.44788),('2021-04-12',1.09088,0.755616,2.34532),('2021-04-13',1.17211,0.833759,2.38725),('2021-04-14',1.16625,0.826737,2.33186),('2021-04-15',1.10507,0.774907,2.21377),('2021-04-16',1.08235,0.747779,2.12932),('2021-04-17',1.06461,0.737766,2.41904),('2021-04-18',1.07555,0.744272,2.42262),('2021-04-19',1.07747,0.741713,2.41226),('2021-04-20',1.11028,0.768427,2.42627),('2021-04-21',1.14395,0.78843,2.43422),('2021-04-22',1.09045,0.739377,2.35019),('2021-04-23',1.06146,0.718215,2.28596),('2021-04-24',1.13494,0.778894,2.319),('2021-04-25',1.13813,0.781601,2.27441),('2021-04-26',1.09603,0.744373,2.18022),('2021-04-27',1.08953,0.727984,2.11757),('2021-04-28',1.0969,0.718507,2.06323),('2021-04-29',1.06059,0.682363,1.95928),('2021-04-30',1.02935,0.647605,1.85556),('2021-05-01',1.05725,0.659579,1.80539),('2021-05-02',1.05383,0.65058,1.72046),('2021-05-03',0.973707,0.582938,1.55291),('2021-05-04',1.02588,0.632675,1.51278),('2021-05-05',1.0551,0.659811,1.44328),('2021-05-06',0.997573,0.600883,1.28185),('2021-05-07',0.954216,0.565754,1.50711),('2021-05-08',0.986946,0.581079,1.49428),('2021-05-09',0.977591,0.569567,1.43886),('2021-05-10',0.90464,0.49388,1.31822),('2021-05-11',0.962538,0.547361,1.32716),('2021-05-12',1.03128,0.599473,1.34055),('2021-05-13',1.0192,0.592738,1.27286),('2021-05-14',0.970324,0.560452,1.16165),('2021-05-15',1.00583,0.596262,1.13545),('2021-05-16',0.916534,0.522413,1.35782),('2021-05-17',0.896041,0.50458,1.33922),('2021-05-18',0.937629,0.545375,1.38479),('2021-05-19',0.91893,0.529294,1.36717),('2021-05-20',0.897158,0.507153,1.34708),('2021-05-21',0.867705,0.475059,1.32035),('2021-05-22',0.930367,0.519354,1.38585),('2021-05-23',0.891108,0.478583,1.3481),('2021-05-24',0.845953,0.445341,1.30506),('2021-05-25',0.860608,0.455398,1.32403),('2021-05-26',0.879849,0.471624,1.3474),('2021-05-27',0.854904,0.44092,1.32552),('2021-05-28',0.847118,0.439157,1.32321),('2021-05-29',0.906469,0.493638,1.38585),('2021-05-30',0.924678,0.507865,1.40649),('2021-05-31',0.917062,0.50936,1.40054),('2021-06-01',0.935007,0.52255,1.42112),('2021-06-02',1.00306,0.576187,1.49009),('2021-06-03',0.956685,0.527526,1.44339),('2021-06-04',0.926258,0.492193,1.41528),('2021-06-05',0.998722,0.546762,1.49167),('2021-06-06',1.05918,0.602562,1.55395),('2021-06-07',1.03589,0.5808,1.52739),('2021-06-08',1.10809,0.636474,1.59983),('2021-06-09',1.12792,0.651864,1.61816),('2021-06-10',1.14791,0.661991,1.63392),('2021-06-11',1.1039,0.631573,1.58516),('2021-06-12',1.12854,0.657397,1.6059),('2021-06-13',1.09984,0.631922,1.57292),('2021-06-14',1.1038,0.638602,1.57473),('2021-06-15',1.10807,0.644682,1.57629),('2021-06-16',1.14654,0.671913,1.6105),('2021-06-17',1.10581,0.641869,1.5659),('2021-06-18',1.06707,0.620487,1.52543),('2021-06-19',1.08101,0.633946,1.53817),('2021-06-20',1.0805,0.634035,1.53701),('2021-06-21',1.0725,0.634502,1.53093),('2021-06-22',1.07557,0.628187,1.53436),('2021-06-23',1.10968,0.653337,1.56979),('2021-06-24',1.10349,0.647997,1.56355),('2021-06-25',1.09739,0.632337,1.55397),('2021-06-26',1.10414,0.648333,1.55601),('2021-06-27',1.0696,0.623051,1.51863),('2021-06-28',1.02467,0.600927,1.47595),('2021-06-29',0.978573,0.561929,1.43012),('2021-06-30',1.03942,0.615363,1.492),('2021-07-01',1.01042,0.594059,1.46219),('2021-07-02',0.984824,0.575642,1.43819),('2021-07-03',0.923471,0.530711,1.37627),('2021-07-04',0.893585,0.504459,1.35074),('2021-07-05',0.884203,0.483608,1.34403),('2021-07-06',0.924264,0.527286,1.389),('2021-07-07',0.921951,0.525895,1.39233),('2021-07-08',0.861113,0.468818,1.33543),('2021-07-09',0.857527,0.463145,1.34008),('2021-07-10',0.866784,0.458139,1.35484),('2021-07-11',0.870101,0.458354,1.3638),('2021-07-12',0.816655,0.421691,1.31661),('2021-07-13',0.854552,0.443319,1.36097),('2021-07-14',0.865799,0.450767,1.37808),('2021-07-15',0.817582,0.403295,1.33648),('2021-07-16',0.818481,0.400868,1.34603),('2021-07-17',0.869509,0.436159,1.40399),('2021-07-18',0.862305,0.425465,1.40313),('2021-07-19',0.871662,0.422175,1.41969),('2021-07-20',0.883192,0.412419,1.4376),('2021-07-21',0.861578,0.387797,1.42047),('2021-07-22',0.859369,0.36931,1.42508),('2021-07-23',0.812108,0.330035,1.38422),('2021-07-24',0.865278,0.36165,1.44471),('2021-07-25',0.892657,0.386114,1.47769),('2021-07-26',0.843885,0.350841,1.43355),('2021-07-27',0.817468,0.323734,1.41173),('2021-07-28',0.866596,0.344771,1.46687),('2021-07-29',0.835743,0.324966,1.43975),('2021-07-30',0.800581,0.295195,1.40769),('2021-07-31',0.777242,0.27445,1.39212),('2021-08-01',0.778812,0.273595,1.40156),('2021-08-02',0.778391,0.269019,1.41087),('2021-08-03',0.808979,0.290167,1.4502),('2021-08-04',0.792574,0.273899,1.44049),('2021-08-05',0.809149,0.279192,1.46498),('2021-08-06',0.803134,0.262865,1.46467),('2021-08-07',0.835097,0.279868,1.50187),('2021-08-08',0.804142,0.243576,1.47551),('2021-08-09',0.82361,0.254271,1.50186),('2021-08-10',0.854742,0.272051,1.53994),('2021-08-11',0.870921,0.269774,1.55837),('2021-08-12',0.843159,0.254634,1.53006),('2021-08-13',0.823725,0.243068,1.51013),('2021-08-14',0.829734,0.234847,1.51555),('2021-08-15',0.776326,0.199515,1.46287),('2021-08-16',0.769718,0.189985,1.46194),('2021-08-17',0.788767,0.203258,1.4867),('2021-08-18',0.817459,0.207062,1.51772),('2021-08-19',0.829335,0.21556,1.53274),('2021-08-20',0.818282,0.210617,1.52582),('2021-08-21',0.837981,0.21842,1.55066),('2021-08-22',0.797387,0.187469,1.51345),('2021-08-23',0.820101,0.202079,1.54182),('2021-08-24',0.85046,0.223898,1.57638),('2021-08-25',0.838028,0.220689,1.56909),('2021-08-26',0.828119,0.203997,1.56309),('2021-08-27',0.842697,0.210244,1.58272),('2021-08-28',0.894948,0.252729,1.63792),('2021-08-29',0.872012,0.220391,1.61413),('2021-08-30',0.870427,0.220325,1.61475),('2021-08-31',0.883442,0.223943,1.62881),('2021-09-01',0.925293,0.25146,1.67401),('2021-09-02',0.926058,0.257384,1.6756),('2021-09-03',0.955512,0.271669,1.70529),('2021-09-04',1.03497,0.325993,1.78466),('2021-09-05',1.06418,0.34578,1.80882),('2021-09-06',1.08562,0.358376,1.8273),('2021-09-07',1.10507,0.371586,1.84212),('2021-09-08',1.11989,0.378352,1.85274),('2021-09-09',1.10659,0.38187,1.83344),('2021-09-10',1.12021,0.387973,1.84349),('2021-09-11',1.11298,0.386075,1.83241),('2021-09-12',1.11754,0.394259,1.83171),('2021-09-13',1.09314,0.388407,1.80308),('2021-09-14',1.09003,0.384303,1.79668),('2021-09-15',1.10549,0.39484,1.81124),('2021-09-16',1.02482,0.33666,1.72196),('2021-09-17',0.981078,0.33154,1.67701),('2021-09-18',0.987142,0.335649,1.68246),('2021-09-19',1.00088,0.345616,1.69962),('2021-09-20',0.979856,0.333947,1.67437),('2021-09-21',0.957966,0.321877,1.64857),('2021-09-22',0.935402,0.309568,1.6225),('2021-09-23',0.912358,0.297181,1.59643),('2021-09-24',0.889028,0.284877,1.57065),('2021-09-25',0.865606,0.272818,1.54542),('2021-09-26',0.842287,0.261164,1.52102),('2021-09-27',0.819266,0.250077,1.49772),('2021-09-28',0.796736,0.239719,1.4758),('2021-09-29',0.774892,0.230251,1.45553),('2021-09-30',0.753929,0.221834,1.43718),('2021-10-01',0.73404,0.21463,1.42103),('2021-10-02',0.71542,0.2088,1.40735),('2021-10-03',0.698264,0.204504,1.39642),('2021-10-04',0.682766,0.201906,1.3885),('2021-10-05',0.66912,0.201165,1.38389),('2021-10-06',0.65752,0.202444,1.38284),('2021-10-07',0.648161,0.205904,1.38563),('2021-10-08',0.641238,0.211705,1.39254),('2021-10-09',0.636944,0.22001,1.40384),('2021-10-10',0.635474,0.23098,1.41981),('2021-10-11',0.637023,0.244776,1.44072),('2021-10-12',0.641784,0.261559,1.46683),('2021-10-13',0.649952,0.28149,1.49844),('2021-10-14',0.661722,0.304732,1.5358);
/*!40000 ALTER TABLE `r_efectivo` ENABLE KEYS */;
UNLOCK TABLES;

--
-- Table structure for table `recuperados`
--

DROP TABLE IF EXISTS `recuperados`;
/*!40101 SET @saved_cs_client     = @@character_set_client */;
/*!40101 SET character_set_client = utf8 */;
CREATE TABLE `recuperados` (
  `dia` varchar(255) DEFAULT NULL,
  `registros` int(11) DEFAULT NULL,
  `casos` int(11) DEFAULT NULL
) ENGINE=MyISAM DEFAULT CHARSET=latin1;
/*!40101 SET character_set_client = @saved_cs_client */;

--
-- Dumping data for table `recuperados`
--

LOCK TABLES `recuperados` WRITE;
/*!40000 ALTER TABLE `recuperados` DISABLE KEYS */;
INSERT INTO `recuperados` VALUES ('2020-04-05',1,1),('2020-04-06',1,2),('2020-04-07',1,3),('2020-04-08',2,5),('2020-04-10',1,6),('2020-04-11',1,7),('2020-04-13',1,8),('2020-04-15',1,9),('2020-04-16',3,12),('2020-04-17',4,16),('2020-04-18',5,21),('2020-04-20',1,22),('2020-04-21',1,23),('2020-04-23',4,27),('2020-04-24',1,28),('2020-04-26',1,29),('2020-04-28',1,30),('2020-04-29',1,31),('2020-04-30',4,35),('2020-05-01',3,38),('2020-05-02',11,49),('2020-05-03',1,50),('2020-05-04',4,54),('2020-05-05',5,59),('2020-05-06',4,63),('2020-05-07',5,68),('2020-05-08',2,70),('2020-05-09',4,74),('2020-05-10',2,76),('2020-05-11',6,82),('2020-05-13',4,86),('2020-05-14',8,94),('2020-05-15',2,96),('2020-05-16',6,102),('2020-05-17',4,106),('2020-05-19',1,107),('2020-05-20',4,111),('2020-05-21',2,113),('2020-05-22',3,116),('2020-05-24',3,119),('2020-05-25',9,128),('2020-05-26',5,133),('2020-05-27',1,134),('2020-05-28',9,143),('2020-05-29',3,146),('2020-05-30',2,148),('2020-05-31',37,185),('2020-06-01',3,188),('2020-06-02',14,202),('2020-06-03',4,206),('2020-06-04',4,210),('2020-06-05',15,225),('2020-06-06',8,233),('2020-06-07',6,239),('2020-06-08',7,246),('2020-06-09',4,250),('2020-06-10',11,261),('2020-06-11',6,267),('2020-06-12',8,275),('2020-06-13',6,281),('2020-06-14',3,284),('2020-06-15',5,289),('2020-06-16',8,297),('2020-06-17',14,311),('2020-06-18',2,313),('2020-06-19',10,323),('2020-06-20',8,331),('2020-06-21',9,340),('2020-06-22',13,353),('2020-06-23',13,366),('2020-06-24',14,380),('2020-06-25',9,389),('2020-06-26',10,399),('2020-06-27',8,407),('2020-06-28',14,421),('2020-06-29',11,432),('2020-06-30',18,450),('2020-07-01',17,467),('2020-07-02',11,478),('2020-07-03',6,484),('2020-07-04',8,492),('2020-07-05',5,497),('2020-07-06',17,514),('2020-07-07',21,535),('2020-07-08',19,554),('2020-07-09',18,572),('2020-07-10',21,593),('2020-07-11',21,614),('2020-07-12',15,629),('2020-07-13',29,658),('2020-07-14',28,686),('2020-07-15',32,718),('2020-07-16',65,783),('2020-07-17',38,821),('2020-07-18',51,872),('2020-07-19',88,960),('2020-07-20',64,1024),('2020-07-21',39,1063),('2020-07-22',42,1105),('2020-07-23',89,1194),('2020-07-24',46,1240),('2020-07-25',137,1377),('2020-07-26',111,1488),('2020-07-27',87,1575),('2020-07-28',162,1737),('2020-07-29',126,1863),('2020-07-30',60,1923),('2020-07-31',99,2022),('2020-08-01',134,2156),('2020-08-02',97,2253),('2020-08-03',35,2288),('2020-08-04',70,2358),('2020-08-05',73,2431),('2020-08-06',228,2659),('2020-08-07',86,2745),('2020-08-08',106,2851),('2020-08-09',109,2960),('2020-08-10',158,3118),('2020-08-11',43,3161),('2020-08-12',78,3239),('2020-08-13',94,3333),('2020-08-14',187,3520),('2020-08-15',275,3795),('2020-08-16',219,4014),('2020-08-17',157,4171),('2020-08-18',99,4270),('2020-08-19',226,4496),('2020-08-20',212,4708),('2020-08-21',151,4859),('2020-08-22',122,4981),('2020-08-23',172,5153),('2020-08-24',140,5293),('2020-08-25',243,5536),('2020-08-26',145,5681),('2020-08-27',75,5756),('2020-08-28',136,5892),('2020-08-29',184,6076),('2020-08-30',137,6213),('2020-08-31',73,6286),('2020-09-01',139,6425),('2020-09-02',74,6499),('2020-09-03',137,6636),('2020-09-04',72,6708),('2020-09-05',90,6798),('2020-09-06',145,6943),('2020-09-07',115,7058),('2020-09-08',81,7139),('2020-09-09',52,7191),('2020-09-10',153,7344),('2020-09-11',82,7426),('2020-09-12',46,7472),('2020-09-13',35,7507),('2020-09-14',67,7574),('2020-09-15',9,7583),('2020-09-16',19,7602),('2020-09-17',15,7617),('2020-09-18',48,7665),('2020-09-19',59,7724),('2020-09-20',35,7759),('2020-09-21',77,7836),('2020-09-22',42,7878),('2020-09-23',87,7965),('2020-09-24',108,8073),('2020-09-25',106,8179),('2020-09-26',76,8255),('2020-09-27',63,8318),('2020-09-28',60,8378),('2020-09-29',87,8465),('2020-09-30',111,8576),('2020-10-01',36,8612),('2020-10-02',17,8629),('2020-10-03',37,8666),('2020-10-04',25,8691),('2020-10-05',1,8692),('2020-10-06',6,8698),('2020-10-07',3,8701),('2020-10-08',14,8715),('2020-10-09',7,8722),('2020-10-10',7,8729),('2020-10-11',40,8769),('2020-10-12',56,8825),('2020-10-13',94,8919),('2020-10-14',73,8992),('2020-10-15',94,9086),('2020-10-16',33,9119),('2020-10-17',48,9167),('2020-10-18',50,9217),('2020-10-19',45,9262),('2020-10-20',43,9305),('2020-10-21',31,9336),('2020-10-22',40,9376),('2020-10-23',77,9453),('2020-10-24',23,9476),('2020-10-25',16,9492),('2020-10-26',33,9525),('2020-10-27',58,9583),('2020-10-28',32,9615),('2020-10-29',27,9642),('2020-10-30',28,9670),('2020-10-31',43,9713),('2020-11-01',71,9784),('2020-11-02',57,9841),('2020-11-03',42,9883),('2020-11-04',88,9971),('2020-11-05',53,10024),('2020-11-06',45,10069),('2020-11-07',45,10114),('2020-11-08',47,10161),('2020-11-09',66,10227),('2020-11-10',43,10270),('2020-11-11',107,10377),('2020-11-12',55,10432),('2020-11-13',22,10454),('2020-11-14',82,10536),('2020-11-15',82,10618),('2020-11-16',122,10740),('2020-11-17',78,10818),('2020-11-18',52,10870),('2020-11-19',35,10905),('2020-11-20',52,10957),('2020-11-21',56,11013),('2020-11-22',82,11095),('2020-11-23',76,11171),('2020-11-24',105,11276),('2020-11-25',54,11330),('2020-11-26',55,11385),('2020-11-27',54,11439),('2020-11-28',105,11544),('2020-11-29',138,11682),('2020-11-30',76,11758),('2020-12-01',83,11841),('2020-12-02',122,11963),('2020-12-03',64,12027),('2020-12-04',54,12081),('2020-12-05',108,12189),('2020-12-06',91,12280),('2020-12-07',102,12382),('2020-12-08',144,12526),('2020-12-09',86,12612),('2020-12-10',94,12706),('2020-12-11',94,12800),('2020-12-12',52,12852),('2020-12-13',31,12883),('2020-12-14',81,12964),('2020-12-15',92,13056),('2020-12-16',104,13160),('2020-12-17',96,13256),('2020-12-18',134,13390),('2020-12-19',117,13507),('2020-12-20',101,13608),('2020-12-21',157,13765),('2020-12-22',118,13883),('2020-12-23',111,13994),('2020-12-24',186,14180),('2020-12-25',186,14366),('2020-12-26',207,14573),('2020-12-27',140,14713),('2020-12-28',161,14874),('2020-12-29',122,14996),('2020-12-30',124,15120),('2020-12-31',61,15181),('2021-01-01',75,15256),('2021-01-02',50,15306),('2021-01-03',73,15379),('2021-01-04',100,15479),('2021-01-05',47,15526),('2021-01-06',53,15579),('2021-01-07',75,15654),('2021-01-08',182,15836),('2021-01-09',108,15944),('2021-01-10',100,16044),('2021-01-11',97,16141),('2021-01-12',182,16323),('2021-01-13',285,16608),('2021-01-14',103,16711),('2021-01-15',87,16798),('2021-01-16',46,16844),('2021-01-17',59,16903),('2021-01-18',211,17114),('2021-01-19',180,17294),('2021-01-20',94,17388),('2021-01-21',191,17579),('2021-01-22',151,17730),('2021-01-23',11,17741),('2021-01-24',79,17820),('2021-01-25',179,17999),('2021-01-26',202,18201),('2021-01-27',124,18325),('2021-01-28',146,18471),('2021-01-29',148,18619),('2021-01-30',135,18754),('2021-01-31',122,18876),('2021-02-01',109,18985),('2021-02-02',139,19124),('2021-02-03',120,19244),('2021-02-04',153,19397),('2021-02-05',17,19414),('2021-02-06',111,19525),('2021-02-07',31,19556),('2021-02-08',134,19690),('2021-02-09',185,19875),('2021-02-10',99,19974),('2021-02-11',88,20062),('2021-02-12',96,20158),('2021-02-13',46,20204),('2021-02-14',109,20313),('2021-02-15',80,20393),('2021-02-16',32,20425),('2021-02-17',42,20467),('2021-02-18',36,20503),('2021-02-19',56,20559),('2021-02-20',101,20660),('2021-02-21',113,20773),('2021-02-22',63,20836),('2021-02-23',52,20888),('2021-02-24',32,20920),('2021-02-25',76,20996),('2021-02-26',24,21020),('2021-02-27',72,21092),('2021-02-28',55,21147),('2021-03-01',54,21201),('2021-03-02',85,21286),('2021-03-03',250,21536),('2021-03-04',248,21784),('2021-03-05',167,21951),('2021-03-06',199,22150),('2021-03-07',243,22393),('2021-03-08',146,22539),('2021-03-09',105,22644),('2021-03-10',168,22812),('2021-03-11',220,23032),('2021-03-12',155,23187),('2021-03-13',149,23336),('2021-03-14',166,23502),('2021-03-15',112,23614),('2021-03-16',90,23704),('2021-03-17',174,23878),('2021-03-18',207,24085),('2021-03-19',237,24322),('2021-03-20',182,24504),('2021-03-21',117,24621),('2021-03-22',328,24949),('2021-03-23',190,25139),('2021-03-24',232,25371),('2021-03-25',368,25739),('2021-03-26',295,26034),('2021-03-27',377,26411),('2021-03-28',301,26712),('2021-03-29',240,26952),('2021-03-30',294,27246),('2021-03-31',273,27519),('2021-04-01',393,27912),('2021-04-02',459,28371),('2021-04-03',336,28707),('2021-04-04',276,28983),('2021-04-05',264,29247),('2021-04-06',627,29874),('2021-04-07',402,30276),('2021-04-08',355,30631),('2021-04-09',217,30848),('2021-04-10',174,31022),('2021-04-11',114,31136),('2021-04-12',296,31432),('2021-04-13',356,31788),('2021-04-14',374,32162),('2021-04-15',342,32504),('2021-04-16',137,32641),('2021-04-17',268,32909),('2021-04-18',253,33162),('2021-04-19',500,33662),('2021-04-20',643,34305),('2021-04-21',412,34717),('2021-04-22',407,35124),('2021-04-23',411,35535),('2021-04-24',336,35871),('2021-04-25',273,36144),('2021-04-26',324,36468),('2021-04-27',350,36818),('2021-04-28',499,37317),('2021-04-29',628,37945),('2021-04-30',506,38451),('2021-05-01',460,38911),('2021-05-02',368,39279),('2021-05-03',359,39638),('2021-05-04',139,39777),('2021-05-05',360,40137),('2021-05-06',440,40577),('2021-05-07',223,40800),('2021-05-08',238,41038),('2021-05-09',244,41282),('2021-05-10',224,41506),('2021-05-11',226,41732),('2021-05-12',113,41845),('2021-05-13',205,42050),('2021-05-14',233,42283),('2021-05-15',237,42520),('2021-05-16',406,42926),('2021-05-17',138,43064),('2021-05-18',301,43365),('2021-05-20',526,43891),('2021-05-21',260,44151),('2021-05-22',162,44313),('2021-05-23',129,44442),('2021-05-24',456,44898),('2021-05-25',282,45180),('2021-05-26',308,45488),('2021-05-27',372,45860),('2021-05-28',349,46209),('2021-05-29',208,46417),('2021-05-30',138,46555),('2021-05-31',35,46590),('2021-06-01',385,46975),('2021-06-02',288,47263),('2021-06-03',741,48004),('2021-06-04',252,48256),('2021-06-05',254,48510),('2021-06-06',189,48699),('2021-06-07',185,48884),('2021-06-08',181,49065),('2021-06-09',117,49182),('2021-06-10',180,49362),('2021-06-11',199,49561),('2021-06-12',197,49758),('2021-06-13',141,49899),('2021-06-14',3,49902),('2021-06-15',439,50341),('2021-06-16',221,50562),('2021-06-17',399,50961),('2021-06-19',119,51080),('2021-06-20',43,51123),('2021-06-21',98,51221),('2021-06-22',226,51447),('2021-06-23',170,51617),('2021-06-24',223,51840),('2021-06-25',129,51969),('2021-06-26',222,52191),('2021-06-27',269,52460),('2021-06-28',508,52968),('2021-06-29',246,53214),('2021-06-30',192,53406),('2021-07-01',202,53608),('2021-07-02',249,53857),('2021-07-03',183,54040),('2021-07-04',154,54194),('2021-07-05',307,54501),('2021-07-06',461,54962),('2021-07-07',129,55091),('2021-07-08',255,55346),('2021-07-09',326,55672),('2021-07-10',176,55848),('2021-07-11',210,56058),('2021-07-12',178,56236),('2021-07-13',470,56706),('2021-07-14',265,56971),('2021-07-15',175,57146),('2021-07-16',135,57281),('2021-07-17',131,57412),('2021-07-18',51,57463),('2021-07-19',201,57664),('2021-07-20',286,57950),('2021-07-21',156,58106),('2021-07-22',151,58257),('2021-07-23',125,58382),('2021-07-24',196,58578),('2021-07-25',157,58735),('2021-07-26',139,58874),('2021-07-27',174,59048),('2021-07-28',273,59321),('2021-07-29',149,59470),('2021-07-30',129,59599),('2021-07-31',64,59663),('2021-08-01',77,59740),('2021-08-02',71,59811),('2021-08-03',52,59863),('2021-08-04',106,59969),('2021-08-05',109,60078),('2021-08-06',80,60158),('2021-08-07',384,60542),('2021-08-08',75,60617),('2021-08-09',59,60676),('2021-08-10',98,60774),('2021-08-11',117,60891),('2021-08-12',62,60953),('2021-08-13',105,61058),('2021-08-14',54,61112),('2021-08-15',71,61183),('2021-08-17',34,61217),('2021-08-18',42,61259),('2021-08-19',156,61415),('2021-08-20',89,61504),('2021-08-21',98,61602),('2021-08-22',49,61651),('2021-08-23',126,61777),('2021-08-24',93,61870),('2021-08-25',126,61996),('2021-08-26',114,62110),('2021-08-27',71,62181),('2021-08-28',64,62245),('2021-08-29',20,62265),('2021-08-30',38,62303),('2021-08-31',67,62370),('2021-09-01',62,62432),('2021-09-02',75,62507),('2021-09-03',68,62575),('2021-09-04',45,62620),('2021-09-05',77,62697),('2021-09-06',87,62784),('2021-09-07',50,62834),('2021-09-08',42,62876),('2021-09-09',82,62958),('2021-09-10',56,63014),('2021-09-11',44,63058),('2021-09-12',13,63071),('2021-09-13',71,63142),('2021-09-14',46,63188),('2021-09-15',47,63235),('2021-09-16',53,63288),('2021-09-17',23,63311),('2021-09-18',44,63355),('2021-09-19',39,63394),('2021-09-20',70,63464),('2021-09-21',1,63465),('2021-09-22',85,63550),('2021-09-23',91,63641),('2021-09-24',72,63713),('2021-09-26',85,63798),('2021-09-27',54,63852),('2021-09-28',58,63910),('2021-09-29',82,63992),('2021-09-30',49,64041),('2021-10-01',34,64075),('2021-10-02',78,64153),('2021-10-03',55,64208),('2021-10-04',70,64278),('2021-10-05',39,64317),('2021-10-06',79,64396),('2021-10-07',90,64486),('2021-10-08',116,64602),('2021-10-09',71,64673),('2021-10-10',49,64722),('2021-10-11',82,64804),('2021-10-12',87,64891),('2021-10-13',21,64912),('2021-10-14',38,64950),('2021-10-15',22,64972);
/*!40000 ALTER TABLE `recuperados` ENABLE KEYS */;
UNLOCK TABLES;
/*!40103 SET TIME_ZONE=@OLD_TIME_ZONE */;

/*!40101 SET SQL_MODE=@OLD_SQL_MODE */;
/*!40014 SET FOREIGN_KEY_CHECKS=@OLD_FOREIGN_KEY_CHECKS */;
/*!40014 SET UNIQUE_CHECKS=@OLD_UNIQUE_CHECKS */;
/*!40101 SET CHARACTER_SET_CLIENT=@OLD_CHARACTER_SET_CLIENT */;
/*!40101 SET CHARACTER_SET_RESULTS=@OLD_CHARACTER_SET_RESULTS */;
/*!40101 SET COLLATION_CONNECTION=@OLD_COLLATION_CONNECTION */;
/*!40111 SET SQL_NOTES=@OLD_SQL_NOTES */;

-- Dump completed on 2021-10-17  1:59:01
